time_utc,T2M,RH2M,PS,WS10M,WD10M,PRECTOTCORR
2024-06-01T00:00:00+00:00,30.41,69.6,99.48,5.43,91.7,0.0
2024-06-01T01:00:00+00:00,32.49,61.38,99.55,5.49,91.1,0.0
2024-06-01T02:00:00+00:00,35.06,50.38,99.6,4.96,87.7,0.0
2024-06-01T03:00:00+00:00,37.63,39.53,99.63,3.85,81.9,0.0
2024-06-01T04:00:00+00:00,39.67,32.55,99.62,2.72,70.7,0.0
2024-06-01T05:00:00+00:00,41.32,27.9,99.58,2.03,51.4,0.0
2024-06-01T06:00:00+00:00,42.54,24.75,99.5,1.82,27.6,0.0
2024-06-01T07:00:00+00:00,43.45,22.34,99.41,1.96,7.0,0.0
2024-06-01T08:00:00+00:00,43.92,20.72,99.32,2.3,355.3,0.0
2024-06-01T09:00:00+00:00,43.86,19.85,99.24,2.51,352.9,0.0
2024-06-01T10:00:00+00:00,43.36,19.67,99.2,2.58,356.5,0.0
2024-06-01T11:00:00+00:00,42.4,20.19,99.21,2.7,5.5,0.0
2024-06-01T12:00:00+00:00,40.36,24.38,99.25,2.25,22.2,0.0
2024-06-01T13:00:00+00:00,37.66,29.34,99.33,2.73,42.9,0.0
2024-06-01T14:00:00+00:00,36.82,31.54,99.41,3.57,56.0,0.0
2024-06-01T15:00:00+00:00,36.03,35.02,99.46,4.39,65.9,0.0
2024-06-01T16:00:00+00:00,34.99,39.55,99.49,4.59,76.3,0.0
2024-06-01T17:00:00+00:00,34.02,43.86,99.48,4.21,88.0,0.0
2024-06-01T18:00:00+00:00,33.17,47.37,99.45,3.2,99.3,0.0
2024-06-01T19:00:00+00:00,32.39,50.09,99.42,2.24,113.4,0.67
2024-06-01T20:00:00+00:00,31.67,53.16,99.38,1.78,134.5,0.67
2024-06-01T21:00:00+00:00,31.08,55.26,99.4,1.82,145.5,0.67
2024-06-01T22:00:00+00:00,30.55,55.73,99.44,1.96,147.7,0.0
2024-06-01T23:00:00+00:00,30.18,55.35,99.5,1.95,150.8,0.0
2024-06-02T00:00:00+00:00,31.67,49.54,99.59,2.24,149.1,0.0
2024-06-02T01:00:00+00:00,34.08,43.21,99.66,2.26,166.1,0.0
2024-06-02T02:00:00+00:00,36.98,35.36,99.71,1.84,182.8,0.0
2024-06-02T03:00:00+00:00,38.95,29.87,99.72,1.08,188.5,0.0
2024-06-02T04:00:00+00:00,40.59,25.7,99.68,0.18,167.5,0.0
2024-06-02T05:00:00+00:00,42.09,21.87,99.61,0.56,16.5,0.0
2024-06-02T06:00:00+00:00,43.17,19.55,99.53,1.1,6.3,0.0
2024-06-02T07:00:00+00:00,43.86,18.11,99.45,1.47,1.2,0.0
2024-06-02T08:00:00+00:00,44.11,17.49,99.38,1.68,0.0,0.0
2024-06-02T09:00:00+00:00,43.81,17.48,99.31,1.59,2.2,0.0
2024-06-02T10:00:00+00:00,43.03,17.89,99.27,1.32,6.1,0.0
2024-06-02T11:00:00+00:00,41.9,18.85,99.26,1.1,16.3,0.0
2024-06-02T12:00:00+00:00,40.09,23.47,99.3,1.09,36.5,0.0
2024-06-02T13:00:00+00:00,37.44,29.34,99.39,1.72,54.9,0.0
2024-06-02T14:00:00+00:00,36.16,30.78,99.47,2.19,64.6,0.0
2024-06-02T15:00:00+00:00,35.18,32.57,99.54,2.36,74.0,0.0
2024-06-02T16:00:00+00:00,34.35,34.78,99.59,2.41,85.5,0.0
2024-06-02T17:00:00+00:00,33.59,37.04,99.59,2.39,97.7,0.0
2024-06-02T18:00:00+00:00,32.86,39.71,99.55,2.35,111.0,0.0
2024-06-02T19:00:00+00:00,32.24,42.74,99.51,2.3,124.0,0.03
2024-06-02T20:00:00+00:00,31.91,45.92,99.47,2.25,135.4,0.03
2024-06-02T21:00:00+00:00,31.61,48.89,99.45,2.14,142.6,0.03
2024-06-02T22:00:00+00:00,31.2,51.4,99.46,1.89,146.6,0.0
2024-06-02T23:00:00+00:00,30.83,53.12,99.51,1.66,151.1,0.0
2024-06-03T00:00:00+00:00,32.15,49.11,99.57,1.7,154.6,0.0
2024-06-03T01:00:00+00:00,35.0,35.94,99.62,0.36,191.3,0.0
2024-06-03T02:00:00+00:00,37.16,26.93,99.65,1.41,295.7,0.0
2024-06-03T03:00:00+00:00,38.8,22.66,99.67,2.43,299.3,0.0
2024-06-03T04:00:00+00:00,40.42,19.45,99.63,3.14,302.1,0.0
2024-06-03T05:00:00+00:00,41.81,17.05,99.56,3.61,305.8,0.0
2024-06-03T06:00:00+00:00,42.85,15.35,99.46,3.94,308.6,0.0
2024-06-03T07:00:00+00:00,43.49,14.14,99.36,4.3,310.8,0.0
2024-06-03T08:00:00+00:00,43.75,13.23,99.26,4.6,313.6,0.0
2024-06-03T09:00:00+00:00,43.56,12.68,99.19,4.84,314.3,0.0
2024-06-03T10:00:00+00:00,42.92,12.51,99.15,4.86,314.4,0.0
2024-06-03T11:00:00+00:00,41.83,12.84,99.17,4.57,318.5,0.0
2024-06-03T12:00:00+00:00,39.2,17.21,99.23,2.78,332.6,0.0
2024-06-03T13:00:00+00:00,35.96,22.06,99.31,2.67,359.8,0.0
2024-06-03T14:00:00+00:00,34.74,23.99,99.4,2.7,20.9,0.0
2024-06-03T15:00:00+00:00,33.75,26.27,99.47,2.59,40.1,0.0
2024-06-03T16:00:00+00:00,33.0,28.25,99.5,2.43,60.7,0.0
2024-06-03T17:00:00+00:00,32.31,30.01,99.47,2.29,84.2,0.0
2024-06-03T18:00:00+00:00,31.57,31.76,99.42,2.32,108.4,0.0
2024-06-03T19:00:00+00:00,30.79,34.29,99.38,2.44,129.4,0.0
2024-06-03T20:00:00+00:00,30.11,36.48,99.35,2.58,147.7,0.0
2024-06-03T21:00:00+00:00,29.53,38.6,99.35,2.72,162.9,0.0
2024-06-03T22:00:00+00:00,29.03,40.06,99.38,2.72,176.6,0.0
2024-06-03T23:00:00+00:00,28.71,40.75,99.44,2.56,189.4,0.0
2024-06-04T00:00:00+00:00,30.77,37.33,99.51,2.82,201.4,0.0
2024-06-04T01:00:00+00:00,33.57,33.04,99.57,2.64,213.9,0.0
2024-06-04T02:00:00+00:00,37.21,26.22,99.61,2.73,238.4,0.0
2024-06-04T03:00:00+00:00,39.95,21.55,99.63,2.69,260.4,0.0
2024-06-04T04:00:00+00:00,41.84,19.15,99.61,2.36,277.8,0.0
2024-06-04T05:00:00+00:00,43.23,17.54,99.55,2.09,294.4,0.0
2024-06-04T06:00:00+00:00,44.21,16.48,99.45,1.98,309.5,0.0
2024-06-04T07:00:00+00:00,44.77,15.88,99.34,1.96,321.4,0.0
2024-06-04T08:00:00+00:00,44.9,15.71,99.26,1.98,331.0,0.0
2024-06-04T09:00:00+00:00,44.43,15.97,99.21,1.96,346.1,0.0
2024-06-04T10:00:00+00:00,43.66,16.35,99.18,2.13,4.0,0.0
2024-06-04T11:00:00+00:00,42.37,17.34,99.21,2.6,25.3,0.0
2024-06-04T12:00:00+00:00,40.62,19.4,99.29,3.49,48.6,0.0
2024-06-04T13:00:00+00:00,38.34,23.39,99.38,5.17,63.1,0.0
2024-06-04T14:00:00+00:00,36.73,28.16,99.5,6.75,71.3,0.0
2024-06-04T15:00:00+00:00,35.35,33.49,99.59,6.51,78.6,0.0
2024-06-04T16:00:00+00:00,34.41,37.92,99.62,5.87,87.3,0.0
2024-06-04T17:00:00+00:00,33.64,41.69,99.6,5.43,95.9,0.0
2024-06-04T18:00:00+00:00,32.92,45.11,99.55,5.11,102.8,0.0
2024-06-04T19:00:00+00:00,32.25,48.58,99.51,4.79,106.4,0.02
2024-06-04T20:00:00+00:00,31.56,52.43,99.47,4.3,107.3,0.02
2024-06-04T21:00:00+00:00,30.94,56.12,99.46,3.94,104.6,0.02
2024-06-04T22:00:00+00:00,30.39,59.66,99.48,3.91,97.1,0.0
2024-06-04T23:00:00+00:00,29.97,62.92,99.53,4.2,89.0,0.0
2024-06-05T00:00:00+00:00,30.66,62.07,99.62,4.95,86.4,0.0
2024-06-05T01:00:00+00:00,32.83,54.04,99.69,5.15,89.6,0.0
2024-06-05T02:00:00+00:00,35.32,44.51,99.72,4.74,93.5,0.0
2024-06-05T03:00:00+00:00,37.6,36.92,99.73,3.83,94.5,0.0
2024-06-05T04:00:00+00:00,39.6,31.22,99.7,2.95,89.8,0.0
2024-06-05T05:00:00+00:00,41.2,27.43,99.63,2.4,75.0,0.0
2024-06-05T06:00:00+00:00,42.35,25.0,99.52,2.37,57.0,0.0
2024-06-05T07:00:00+00:00,43.02,23.55,99.42,2.61,44.5,0.0
2024-06-05T08:00:00+00:00,43.19,22.99,99.35,2.88,38.5,0.0
2024-06-05T09:00:00+00:00,42.73,23.29,99.27,2.98,37.6,0.0
2024-06-05T10:00:00+00:00,42.02,23.93,99.23,2.92,37.1,0.0
2024-06-05T11:00:00+00:00,41.04,25.18,99.25,3.1,42.4,0.0
2024-06-05T12:00:00+00:00,39.69,27.66,99.3,3.56,53.8,0.0
2024-06-05T13:00:00+00:00,37.9,32.2,99.39,4.41,67.7,0.0
2024-06-05T14:00:00+00:00,36.72,36.73,99.49,5.85,76.4,0.0
2024-06-05T15:00:00+00:00,35.55,41.29,99.59,5.74,82.5,0.0
2024-06-05T16:00:00+00:00,34.6,45.02,99.64,5.22,87.9,0.0
2024-06-05T17:00:00+00:00,33.77,48.27,99.66,4.83,92.9,0.0
2024-06-05T18:00:00+00:00,33.03,51.2,99.64,4.52,97.0,0.0
2024-06-05T19:00:00+00:00,32.33,54.18,99.62,4.24,99.9,0.54
2024-06-05T20:00:00+00:00,31.59,57.88,99.61,3.96,100.6,0.54
2024-06-05T21:00:00+00:00,30.91,61.65,99.63,4.04,94.7,0.54
2024-06-05T22:00:00+00:00,30.3,65.28,99.67,4.46,85.9,0.0
2024-06-05T23:00:00+00:00,29.83,68.52,99.74,4.74,80.7,0.0
2024-06-06T00:00:00+00:00,30.27,67.84,99.81,5.19,80.6,0.0
2024-06-06T01:00:00+00:00,32.05,59.73,99.86,5.7,85.3,0.0
2024-06-06T02:00:00+00:00,34.31,49.22,99.9,4.66,85.6,0.0
2024-06-06T03:00:00+00:00,36.39,41.07,99.94,2.7,81.5,0.0
2024-06-06T04:00:00+00:00,37.93,34.54,99.92,0.89,46.8,0.0
2024-06-06T05:00:00+00:00,39.6,29.04,99.85,1.17,319.5,0.0
2024-06-06T06:00:00+00:00,41.38,24.76,99.74,1.87,305.2,0.0
2024-06-06T07:00:00+00:00,42.55,22.26,99.62,2.46,302.7,0.0
2024-06-06T08:00:00+00:00,43.18,20.83,99.51,3.08,303.3,0.0
2024-06-06T09:00:00+00:00,43.23,20.31,99.42,3.31,304.0,0.0
2024-06-06T10:00:00+00:00,42.67,20.49,99.35,3.47,304.4,0.0
2024-06-06T11:00:00+00:00,41.64,21.06,99.34,3.57,304.6,0.0
2024-06-06T12:00:00+00:00,39.82,24.5,99.38,2.69,307.0,0.0
2024-06-06T13:00:00+00:00,37.26,29.77,99.45,1.95,318.1,0.0
2024-06-06T14:00:00+00:00,36.43,30.38,99.54,1.76,328.5,0.0
2024-06-06T15:00:00+00:00,35.72,30.98,99.61,1.6,334.9,0.0
2024-06-06T16:00:00+00:00,35.13,31.71,99.65,1.41,342.7,0.0
2024-06-06T17:00:00+00:00,34.61,32.35,99.63,1.11,357.4,0.0
2024-06-06T18:00:00+00:00,33.97,33.09,99.59,0.91,24.0,0.0
2024-06-06T19:00:00+00:00,33.22,34.56,99.56,0.91,53.0,0.01
2024-06-06T20:00:00+00:00,32.48,36.85,99.53,1.02,76.4,0.01
2024-06-06T21:00:00+00:00,31.62,40.14,99.52,1.32,94.8,0.01
2024-06-06T22:00:00+00:00,30.62,44.54,99.54,1.71,107.4,0.0
2024-06-06T23:00:00+00:00,29.77,48.93,99.57,1.98,117.7,0.0
2024-06-07T00:00:00+00:00,31.25,46.85,99.64,2.96,126.5,0.0
2024-06-07T01:00:00+00:00,34.43,35.39,99.68,2.32,136.4,0.0
2024-06-07T02:00:00+00:00,37.63,25.14,99.71,0.98,207.9,0.0
2024-06-07T03:00:00+00:00,39.73,21.21,99.7,1.82,260.8,0.0
2024-06-07T04:00:00+00:00,41.46,18.59,99.64,2.57,272.7,0.0
2024-06-07T05:00:00+00:00,42.84,16.94,99.54,3.09,280.1,0.0
2024-06-07T06:00:00+00:00,43.78,15.94,99.43,3.45,286.3,0.0
2024-06-07T07:00:00+00:00,44.38,15.19,99.31,3.65,292.1,0.0
2024-06-07T08:00:00+00:00,44.56,14.87,99.21,3.79,297.6,0.0
2024-06-07T09:00:00+00:00,44.23,14.84,99.14,4.24,302.2,0.0
2024-06-07T10:00:00+00:00,43.59,14.93,99.08,4.83,306.5,0.0
2024-06-07T11:00:00+00:00,42.53,15.51,99.07,4.95,310.2,0.0
2024-06-07T12:00:00+00:00,40.42,18.6,99.11,3.35,318.0,0.0
2024-06-07T13:00:00+00:00,37.47,23.29,99.16,2.59,338.0,0.0
2024-06-07T14:00:00+00:00,36.37,24.98,99.23,2.54,353.7,0.0
2024-06-07T15:00:00+00:00,35.41,26.93,99.29,2.3,5.5,0.0
2024-06-07T16:00:00+00:00,34.78,28.52,99.34,1.82,18.6,0.0
2024-06-07T17:00:00+00:00,34.48,29.23,99.34,1.2,41.6,0.0
2024-06-07T18:00:00+00:00,34.07,30.01,99.31,0.7,85.1,0.0
2024-06-07T19:00:00+00:00,33.36,31.19,99.29,0.7,148.3,0.0
2024-06-07T20:00:00+00:00,32.56,32.58,99.27,0.95,184.2,0.0
2024-06-07T21:00:00+00:00,32.0,33.76,99.25,0.94,192.3,0.0
2024-06-07T22:00:00+00:00,31.61,34.45,99.26,0.72,180.8,0.0
2024-06-07T23:00:00+00:00,31.3,35.06,99.28,0.67,163.5,0.0
