"evidence_id","publication_date","observation_period","geography","sample_or_denominator","measure","reported_value","unit","evidence_type","not_proven","primary_url","crosscheck_url","access_date"
"E01","2026-03-11","2025 March-June; comparison 2022","India; locality breakdown absent","Observed thunderstorm events; count unstated","Thunderstorm 3-hourly nowcast POD","2025=0.92;2022=0.83","ratio","Official performance summary","Overall accuracy; false alarms; local calibration","https://www.moes.gov.in/static/uploads/2026/03/9fbc5fe044e9f667b2569306b65d3181.pdf","","2026-09-30"
"E02","2024-01-02","2020 and 2021 June-September","Supaul; East Champaran; Nalanda; Bihar","812 gauges:175;395;242","Rain/no-rain classification; up to 3-day forecasts","Approximately 70; especially Supaul","percent correct","Peer-reviewed forecast verification","Lightning nowcast performance; independent storms","https://mausamjournal.imd.gov.in/index.php/MAUSAM/article/download/6037/5689","https://mausamjournal.imd.gov.in/index.php/MAUSAM/article/view/6037","2026-09-30"
"E03","2022-01","2021-01-05 to 2021-02-28","India; selected intermediate users","515 respondents; item-valid N unstated","Uncertainty communication; safety awareness; missing impacts","50;43;40","percent reported barriers","Primary technical survey","National household prevalence; present app failure","https://www.researchgate.net/publication/359699450_Expectation_and_Utilization_Behaviour_of_the_IntermediateUsers_of_Weather_and_Climate_Services_in_India","","2026-09-30"
"E04","2020-07","NCAER-RFIS Survey 2019","Farmers:121 districts;11 states","3965 farmers within6098 beneficiary interviews","At least one reported agricultural practice change","98","percent farmers","Commissioned beneficiary survey","National adoption; causal income effect","https://rsmcnewdelhi.imd.gov.in/uploads/survey/NCAER2020.pdf","","2026-09-30"
"E05","2025-05 paper version","2022","Telangana","1240 households;250 villages","Randomized long-range onset forecast intervention","497 forecast;248 insurance;495 comparison","households","Primary working paper; randomized experiment","Short-lead lightning benefit; VAJRA ROI","https://www.atai-research.org/wp-content/uploads/2025/08/20250528_BJKLS_forecasts.pdf","https://www.povertyactionlab.org/evaluation/impact-long-range-weather-forecasts-farmers-india","2026-09-30"
"E06","2025-05-29","2025 January-March","India; stated inaccessible island exclusions","34950 households;142065 people","Rural household smartphone; rural15+ personal mobile ownership","Household82.1;men80.7;women48.4","percent; distinct denominators","National stratified ICT survey","Personal warning receipt; comprehension","https://static.pib.gov.in/WriteReadData/specificdocs/documents/2025/may/doc2025529560001.pdf","https://mospi.gov.in/sites/default/files/press_release/Final_press%20release_CMS_T.pdf","2026-09-30"
"E07","2020-11-07 online","Field year unstated in inspected methods","Puthenchira;Vellangallur;Thrissur;Kerala","40 users;40 nonusers","Reported income difference","19 to34","percent higher among users","Peer-reviewed observational comparison","Causal income gain; app willingness to pay","https://epubs.icar.org.in/index.php/IJEE/article/download/106999/42147","https://epubs.icar.org.in/index.php/IJEE/article/view/106999","2026-09-30"
"E08","2024 report","2022; crosscheck2018-2020","India","8060 reported forces-of-nature deaths in2022","Lightning deaths; calculated category share","2887;35.82","deaths;percent","Official administrative statistics","Latest annual count; deaths caused by forecast errors","https://www.mospi.gov.in/sites/default/files/reports_and_publication/statistical_publication/EnviStats/Complete_ES1_2024.pdf","https://www.pib.gov.in/Pressreleaseshare.aspx?PRID=1776751&lang=2&reg=48","2026-09-30"
"E09","2025-02-07","FY2024-25 as of2025-01-27","Reporting Indian states/UTs","14 nonmissing area entries","Cropped area affected by hydro-meteorological disasters","14.24","lakh hectares","Official dated provisional damage return","Destroyed area; money lost; forecast failure","https://www.pib.gov.in/Pressreleaseshare.aspx?PRID=2100762&lang=2&reg=48","","2026-09-30"
"E10","2026-08-04","FY2024-25","Reporting Indian states/UTs","14 nonmissing area entries","Printed total versus decimal sum","Printed13.11;rows13.20","lakh hectares","Official provisional table; arithmetic discrepancy","Reconciled final damage total","https://www.pib.gov.in/PressReleasePage.aspx?PRID=2294241&lang=1&reg=1","","2026-09-30"
"E11","2024-09-11;2026-08-13","FY2024-25 to2025-26 approval;FY2026-27 BE","India","Programme funding; not person sample","Mission Mausam approved cost; later Budget Estimate","2000;1342.29","INR crore","Cabinet approval; parliamentary budget reply","Actual spending; project funding; market size","https://www.pib.gov.in/PressReleasePage.aspx?PRID=2298819&lang=1&reg=3","https://www.pib.gov.in/Pressreleaseshare.aspx?PRID=2053898&lang=2&reg=48","2026-09-30"
"E12","2024-09-27","Inauguration announcement","IITM Pune;NCMRWF Noida","Infrastructure programme; not person sample","Arka/Arunika announced investment","850","INR crore","Official infrastructure announcement","Audited spending; disjoint Mission funding; ROI","https://www.pib.gov.in/PressReleasePage.aspx?PRID=2059397&lang=2&reg=48","","2026-09-30"
"E13","2026-05-02","Launch announcement","India","Service capability; no tested population denominator","Targeted multilingual cell broadcast integrated with SACHET","Available capability; supported devices","not quantitative","Official service launch","Universal receipt; comprehension; origination authority","https://www.pib.gov.in/PressReleasePage.aspx?PRID=2257499&lang=1&reg=3","","2026-09-30"
"E14","2021-06-28","2021 workshop","India; participating institutions and disaster managers","Workshop; no representative sample","Last-mile communication and response concerns","Institutional problem identification","not quantitative","Official workshop record","National failure rate; present service quality","https://www.pib.gov.in/Pressreleaseshare.aspx?PRID=1730978&lang=2&reg=48","","2026-09-30"
