feature_id,station_id,longitude,latitude,report_time_utc,raw_sha256,state,amount_mm,interval_start_utc,interval_end_utc,duration_minutes,eligible_as_exact_30_minute_label,interpretation,reason
0-20000-0-42182-202609010000-15,0-20000-0-42182,77.2,28.58,2026-09-01T00:00:00Z,fc9fa41cdb86df03b56947fee12d5b85662c615ffac93b49d62d6407bb376740,reported_zero,0.0,2026-08-31T23:00:00Z,2026-09-01T00:00:00Z,60.0,False,Reported precipitation water equivalent at one station; phase and instrument detection limit unverified,Explicit measured zero; missing records are never zero
0-20000-0-42182-202609010600-15,0-20000-0-42182,77.2,28.58,2026-09-01T06:00:00Z,fc9fa41cdb86df03b56947fee12d5b85662c615ffac93b49d62d6407bb376740,reported_zero,0.0,2026-09-01T05:00:00Z,2026-09-01T06:00:00Z,60.0,False,Reported precipitation water equivalent at one station; phase and instrument detection limit unverified,Explicit measured zero; missing records are never zero
0-20000-0-42182-202609011200-15,0-20000-0-42182,77.2,28.58,2026-09-01T12:00:00Z,fc9fa41cdb86df03b56947fee12d5b85662c615ffac93b49d62d6407bb376740,reported_zero,0.0,2026-09-01T11:00:00Z,2026-09-01T12:00:00Z,60.0,False,Reported precipitation water equivalent at one station; phase and instrument detection limit unverified,Explicit measured zero; missing records are never zero
0-20000-0-42182-202609011500-15,0-20000-0-42182,77.2,28.58,2026-09-01T15:00:00Z,fc9fa41cdb86df03b56947fee12d5b85662c615ffac93b49d62d6407bb376740,reported_zero,0.0,2026-09-01T14:00:00Z,2026-09-01T15:00:00Z,60.0,False,Reported precipitation water equivalent at one station; phase and instrument detection limit unverified,Explicit measured zero; missing records are never zero
0-20000-0-42182-202609011800-15,0-20000-0-42182,77.2,28.58,2026-09-01T18:00:00Z,fc9fa41cdb86df03b56947fee12d5b85662c615ffac93b49d62d6407bb376740,reported_zero,0.0,2026-09-01T17:00:00Z,2026-09-01T18:00:00Z,60.0,False,Reported precipitation water equivalent at one station; phase and instrument detection limit unverified,Explicit measured zero; missing records are never zero
0-20000-0-42182-202609020300-23,0-20000-0-42182,77.2,28.58,2026-09-02T03:00:00Z,fc9fa41cdb86df03b56947fee12d5b85662c615ffac93b49d62d6407bb376740,reported_zero,0.0,2026-09-02T02:00:00Z,2026-09-02T03:00:00Z,60.0,False,Reported precipitation water equivalent at one station; phase and instrument detection limit unverified,Explicit measured zero; missing records are never zero
0-20000-0-42182-202609020600-15,0-20000-0-42182,77.2,28.58,2026-09-02T06:00:00Z,fc9fa41cdb86df03b56947fee12d5b85662c615ffac93b49d62d6407bb376740,reported_zero,0.0,2026-09-02T05:00:00Z,2026-09-02T06:00:00Z,60.0,False,Reported precipitation water equivalent at one station; phase and instrument detection limit unverified,Explicit measured zero; missing records are never zero
0-20000-0-42182-202609020900-18,0-20000-0-42182,77.2,28.58,2026-09-02T09:00:00Z,fc9fa41cdb86df03b56947fee12d5b85662c615ffac93b49d62d6407bb376740,reported_zero,0.0,2026-09-02T08:00:00Z,2026-09-02T09:00:00Z,60.0,False,Reported precipitation water equivalent at one station; phase and instrument detection limit unverified,Explicit measured zero; missing records are never zero
0-20000-0-42182-202609021200-15,0-20000-0-42182,77.2,28.58,2026-09-02T12:00:00Z,fc9fa41cdb86df03b56947fee12d5b85662c615ffac93b49d62d6407bb376740,reported_zero,0.0,2026-09-02T11:00:00Z,2026-09-02T12:00:00Z,60.0,False,Reported precipitation water equivalent at one station; phase and instrument detection limit unverified,Explicit measured zero; missing records are never zero
0-20000-0-42182-202609030300-15,0-20000-0-42182,77.2,28.58,2026-09-03T03:00:00Z,fc9fa41cdb86df03b56947fee12d5b85662c615ffac93b49d62d6407bb376740,reported_zero,0.0,2026-09-03T02:00:00Z,2026-09-03T03:00:00Z,60.0,False,Reported precipitation water equivalent at one station; phase and instrument detection limit unverified,Explicit measured zero; missing records are never zero
0-20000-0-42181-202609030900-15,0-20000-0-42181,77.11,28.56,2026-09-03T09:00:00Z,97b477aed87c877e1437a578e685f7d1a441356bf90ff65435b0bc3af0d77c92,reported_zero,0.0,2026-09-03T08:00:00Z,2026-09-03T09:00:00Z,60.0,False,Reported precipitation water equivalent at one station; phase and instrument detection limit unverified,Explicit measured zero; missing records are never zero
0-20000-0-42182-202609030900-18,0-20000-0-42182,77.2,28.58,2026-09-03T09:00:00Z,97b477aed87c877e1437a578e685f7d1a441356bf90ff65435b0bc3af0d77c92,reported_zero,0.0,2026-09-03T08:00:00Z,2026-09-03T09:00:00Z,60.0,False,Reported precipitation water equivalent at one station; phase and instrument detection limit unverified,Explicit measured zero; missing records are never zero
0-20000-0-42182-202609031800-15,0-20000-0-42182,77.2,28.58,2026-09-03T18:00:00Z,97b477aed87c877e1437a578e685f7d1a441356bf90ff65435b0bc3af0d77c92,reported_zero,0.0,2026-09-03T17:00:00Z,2026-09-03T18:00:00Z,60.0,False,Reported precipitation water equivalent at one station; phase and instrument detection limit unverified,Explicit measured zero; missing records are never zero
0-20000-0-42182-202609040000-15,0-20000-0-42182,77.2,28.58,2026-09-04T00:00:00Z,97b477aed87c877e1437a578e685f7d1a441356bf90ff65435b0bc3af0d77c92,reported_zero,0.0,2026-09-03T23:00:00Z,2026-09-04T00:00:00Z,60.0,False,Reported precipitation water equivalent at one station; phase and instrument detection limit unverified,Explicit measured zero; missing records are never zero
0-20000-0-42182-202609040600-15,0-20000-0-42182,77.2,28.58,2026-09-04T06:00:00Z,97b477aed87c877e1437a578e685f7d1a441356bf90ff65435b0bc3af0d77c92,reported_zero,0.0,2026-09-04T05:00:00Z,2026-09-04T06:00:00Z,60.0,False,Reported precipitation water equivalent at one station; phase and instrument detection limit unverified,Explicit measured zero; missing records are never zero
0-20000-0-42182-202609040900-15,0-20000-0-42182,77.2,28.58,2026-09-04T09:00:00Z,97b477aed87c877e1437a578e685f7d1a441356bf90ff65435b0bc3af0d77c92,reported_zero,0.0,2026-09-04T08:00:00Z,2026-09-04T09:00:00Z,60.0,False,Reported precipitation water equivalent at one station; phase and instrument detection limit unverified,Explicit measured zero; missing records are never zero
0-20000-0-42176-202609060300-14,0-20000-0-42176,76.58,28.83,2026-09-06T03:00:00Z,4294e25e8734b5d29b8bbfd6db9f8435e99984730ad10a6e9be04d6b2263aed3,reported_zero,0.0,2026-09-06T02:00:00Z,2026-09-06T03:00:00Z,60.0,False,Reported precipitation water equivalent at one station; phase and instrument detection limit unverified,Explicit measured zero; missing records are never zero
0-20000-0-42176-202609061200-14,0-20000-0-42176,76.58,28.83,2026-09-06T12:00:00Z,4294e25e8734b5d29b8bbfd6db9f8435e99984730ad10a6e9be04d6b2263aed3,reported_zero,0.0,2026-09-06T11:00:00Z,2026-09-06T12:00:00Z,60.0,False,Reported precipitation water equivalent at one station; phase and instrument detection limit unverified,Explicit measured zero; missing records are never zero
0-20000-0-42176-202609070300-14,0-20000-0-42176,76.58,28.83,2026-09-07T03:00:00Z,4294e25e8734b5d29b8bbfd6db9f8435e99984730ad10a6e9be04d6b2263aed3,reported_zero,0.0,2026-09-07T02:00:00Z,2026-09-07T03:00:00Z,60.0,False,Reported precipitation water equivalent at one station; phase and instrument detection limit unverified,Explicit measured zero; missing records are never zero
0-20000-0-42139-202609070600-15,0-20000-0-42139,77.63,29.01,2026-09-07T06:00:00Z,4294e25e8734b5d29b8bbfd6db9f8435e99984730ad10a6e9be04d6b2263aed3,reported_zero,0.0,2026-09-07T05:00:00Z,2026-09-07T06:00:00Z,60.0,False,Reported precipitation water equivalent at one station; phase and instrument detection limit unverified,Explicit measured zero; missing records are never zero
0-20000-0-42181-202609070600-15,0-20000-0-42181,77.11,28.56,2026-09-07T06:00:00Z,4294e25e8734b5d29b8bbfd6db9f8435e99984730ad10a6e9be04d6b2263aed3,reported_zero,0.0,2026-09-07T05:00:00Z,2026-09-07T06:00:00Z,60.0,False,Reported precipitation water equivalent at one station; phase and instrument detection limit unverified,Explicit measured zero; missing records are never zero
0-20000-0-42182-202609070600-15,0-20000-0-42182,77.2,28.58,2026-09-07T06:00:00Z,4294e25e8734b5d29b8bbfd6db9f8435e99984730ad10a6e9be04d6b2263aed3,reported_zero,0.0,2026-09-07T05:00:00Z,2026-09-07T06:00:00Z,60.0,False,Reported precipitation water equivalent at one station; phase and instrument detection limit unverified,Explicit measured zero; missing records are never zero
0-20000-0-42139-202609070900-15,0-20000-0-42139,77.63,29.01,2026-09-07T09:00:00Z,4294e25e8734b5d29b8bbfd6db9f8435e99984730ad10a6e9be04d6b2263aed3,reported_zero,0.0,2026-09-07T08:00:00Z,2026-09-07T09:00:00Z,60.0,False,Reported precipitation water equivalent at one station; phase and instrument detection limit unverified,Explicit measured zero; missing records are never zero
0-20000-0-42181-202609070900-15,0-20000-0-42181,77.11,28.56,2026-09-07T09:00:00Z,4294e25e8734b5d29b8bbfd6db9f8435e99984730ad10a6e9be04d6b2263aed3,reported_zero,0.0,2026-09-07T08:00:00Z,2026-09-07T09:00:00Z,60.0,False,Reported precipitation water equivalent at one station; phase and instrument detection limit unverified,Explicit measured zero; missing records are never zero
0-20000-0-42182-202609070900-15,0-20000-0-42182,77.2,28.58,2026-09-07T09:00:00Z,4294e25e8734b5d29b8bbfd6db9f8435e99984730ad10a6e9be04d6b2263aed3,reported_zero,0.0,2026-09-07T08:00:00Z,2026-09-07T09:00:00Z,60.0,False,Reported precipitation water equivalent at one station; phase and instrument detection limit unverified,Explicit measured zero; missing records are never zero
0-20000-0-42139-202609071200-15,0-20000-0-42139,77.63,29.01,2026-09-07T12:00:00Z,4294e25e8734b5d29b8bbfd6db9f8435e99984730ad10a6e9be04d6b2263aed3,reported_zero,0.0,2026-09-07T11:00:00Z,2026-09-07T12:00:00Z,60.0,False,Reported precipitation water equivalent at one station; phase and instrument detection limit unverified,Explicit measured zero; missing records are never zero
0-20000-0-42176-202609071200-14,0-20000-0-42176,76.58,28.83,2026-09-07T12:00:00Z,4294e25e8734b5d29b8bbfd6db9f8435e99984730ad10a6e9be04d6b2263aed3,reported_zero,0.0,2026-09-07T11:00:00Z,2026-09-07T12:00:00Z,60.0,False,Reported precipitation water equivalent at one station; phase and instrument detection limit unverified,Explicit measured zero; missing records are never zero
0-20000-0-42181-202609071200-15,0-20000-0-42181,77.11,28.56,2026-09-07T12:00:00Z,4294e25e8734b5d29b8bbfd6db9f8435e99984730ad10a6e9be04d6b2263aed3,reported_zero,0.0,2026-09-07T11:00:00Z,2026-09-07T12:00:00Z,60.0,False,Reported precipitation water equivalent at one station; phase and instrument detection limit unverified,Explicit measured zero; missing records are never zero
0-20000-0-42182-202609071200-15,0-20000-0-42182,77.2,28.58,2026-09-07T12:00:00Z,4294e25e8734b5d29b8bbfd6db9f8435e99984730ad10a6e9be04d6b2263aed3,reported_zero,0.0,2026-09-07T11:00:00Z,2026-09-07T12:00:00Z,60.0,False,Reported precipitation water equivalent at one station; phase and instrument detection limit unverified,Explicit measured zero; missing records are never zero
0-20000-0-42181-202609071500-15,0-20000-0-42181,77.11,28.56,2026-09-07T15:00:00Z,4294e25e8734b5d29b8bbfd6db9f8435e99984730ad10a6e9be04d6b2263aed3,reported_zero,0.0,2026-09-07T14:00:00Z,2026-09-07T15:00:00Z,60.0,False,Reported precipitation water equivalent at one station; phase and instrument detection limit unverified,Explicit measured zero; missing records are never zero
0-20000-0-42182-202609071500-10,0-20000-0-42182,77.2,28.58,2026-09-07T15:00:00Z,4294e25e8734b5d29b8bbfd6db9f8435e99984730ad10a6e9be04d6b2263aed3,reported_zero,0.0,2026-09-07T14:00:00Z,2026-09-07T15:00:00Z,60.0,False,Reported precipitation water equivalent at one station; phase and instrument detection limit unverified,Explicit measured zero; missing records are never zero
0-20000-0-42181-202609071800-15,0-20000-0-42181,77.11,28.56,2026-09-07T18:00:00Z,4294e25e8734b5d29b8bbfd6db9f8435e99984730ad10a6e9be04d6b2263aed3,reported_zero,0.0,2026-09-07T17:00:00Z,2026-09-07T18:00:00Z,60.0,False,Reported precipitation water equivalent at one station; phase and instrument detection limit unverified,Explicit measured zero; missing records are never zero
0-20000-0-42182-202609071800-15,0-20000-0-42182,77.2,28.58,2026-09-07T18:00:00Z,4294e25e8734b5d29b8bbfd6db9f8435e99984730ad10a6e9be04d6b2263aed3,reported_zero,0.0,2026-09-07T17:00:00Z,2026-09-07T18:00:00Z,60.0,False,Reported precipitation water equivalent at one station; phase and instrument detection limit unverified,Explicit measured zero; missing records are never zero
0-20000-0-42181-202609072100-15,0-20000-0-42181,77.11,28.56,2026-09-07T21:00:00Z,4294e25e8734b5d29b8bbfd6db9f8435e99984730ad10a6e9be04d6b2263aed3,reported_zero,0.0,2026-09-07T20:00:00Z,2026-09-07T21:00:00Z,60.0,False,Reported precipitation water equivalent at one station; phase and instrument detection limit unverified,Explicit measured zero; missing records are never zero
0-20000-0-42182-202609072100-15,0-20000-0-42182,77.2,28.58,2026-09-07T21:00:00Z,4294e25e8734b5d29b8bbfd6db9f8435e99984730ad10a6e9be04d6b2263aed3,reported_zero,0.0,2026-09-07T20:00:00Z,2026-09-07T21:00:00Z,60.0,False,Reported precipitation water equivalent at one station; phase and instrument detection limit unverified,Explicit measured zero; missing records are never zero
0-20000-0-42181-202609080000-15,0-20000-0-42181,77.11,28.56,2026-09-08T00:00:00Z,4294e25e8734b5d29b8bbfd6db9f8435e99984730ad10a6e9be04d6b2263aed3,reported_zero,0.0,2026-09-07T23:00:00Z,2026-09-08T00:00:00Z,60.0,False,Reported precipitation water equivalent at one station; phase and instrument detection limit unverified,Explicit measured zero; missing records are never zero
0-20000-0-42182-202609080000-15,0-20000-0-42182,77.2,28.58,2026-09-08T00:00:00Z,4294e25e8734b5d29b8bbfd6db9f8435e99984730ad10a6e9be04d6b2263aed3,reported_zero,0.0,2026-09-07T23:00:00Z,2026-09-08T00:00:00Z,60.0,False,Reported precipitation water equivalent at one station; phase and instrument detection limit unverified,Explicit measured zero; missing records are never zero
0-20000-0-42176-202609080300-14,0-20000-0-42176,76.58,28.83,2026-09-08T03:00:00Z,4294e25e8734b5d29b8bbfd6db9f8435e99984730ad10a6e9be04d6b2263aed3,reported_zero,0.0,2026-09-08T02:00:00Z,2026-09-08T03:00:00Z,60.0,False,Reported precipitation water equivalent at one station; phase and instrument detection limit unverified,Explicit measured zero; missing records are never zero
0-20000-0-42139-202609080600-15,0-20000-0-42139,77.63,29.01,2026-09-08T06:00:00Z,4294e25e8734b5d29b8bbfd6db9f8435e99984730ad10a6e9be04d6b2263aed3,reported_zero,0.0,2026-09-08T05:00:00Z,2026-09-08T06:00:00Z,60.0,False,Reported precipitation water equivalent at one station; phase and instrument detection limit unverified,Explicit measured zero; missing records are never zero
0-20000-0-42181-202609080600-15,0-20000-0-42181,77.11,28.56,2026-09-08T06:00:00Z,4294e25e8734b5d29b8bbfd6db9f8435e99984730ad10a6e9be04d6b2263aed3,reported_zero,0.0,2026-09-08T05:00:00Z,2026-09-08T06:00:00Z,60.0,False,Reported precipitation water equivalent at one station; phase and instrument detection limit unverified,Explicit measured zero; missing records are never zero
0-20000-0-42182-202609080600-10,0-20000-0-42182,77.2,28.58,2026-09-08T06:00:00Z,4294e25e8734b5d29b8bbfd6db9f8435e99984730ad10a6e9be04d6b2263aed3,reported_zero,0.0,2026-09-08T05:00:00Z,2026-09-08T06:00:00Z,60.0,False,Reported precipitation water equivalent at one station; phase and instrument detection limit unverified,Explicit measured zero; missing records are never zero
0-20000-0-42139-202609080900-15,0-20000-0-42139,77.63,29.01,2026-09-08T09:00:00Z,4294e25e8734b5d29b8bbfd6db9f8435e99984730ad10a6e9be04d6b2263aed3,reported_zero,0.0,2026-09-08T08:00:00Z,2026-09-08T09:00:00Z,60.0,False,Reported precipitation water equivalent at one station; phase and instrument detection limit unverified,Explicit measured zero; missing records are never zero
0-20000-0-42181-202609080900-15,0-20000-0-42181,77.11,28.56,2026-09-08T09:00:00Z,4294e25e8734b5d29b8bbfd6db9f8435e99984730ad10a6e9be04d6b2263aed3,reported_zero,0.0,2026-09-08T08:00:00Z,2026-09-08T09:00:00Z,60.0,False,Reported precipitation water equivalent at one station; phase and instrument detection limit unverified,Explicit measured zero; missing records are never zero
0-20000-0-42182-202609080900-15,0-20000-0-42182,77.2,28.58,2026-09-08T09:00:00Z,4294e25e8734b5d29b8bbfd6db9f8435e99984730ad10a6e9be04d6b2263aed3,reported_zero,0.0,2026-09-08T08:00:00Z,2026-09-08T09:00:00Z,60.0,False,Reported precipitation water equivalent at one station; phase and instrument detection limit unverified,Explicit measured zero; missing records are never zero
0-20000-0-42139-202609081200-11,0-20000-0-42139,77.63,29.01,2026-09-08T12:00:00Z,4294e25e8734b5d29b8bbfd6db9f8435e99984730ad10a6e9be04d6b2263aed3,reported_zero,0.0,2026-09-08T11:00:00Z,2026-09-08T12:00:00Z,60.0,False,Reported precipitation water equivalent at one station; phase and instrument detection limit unverified,Explicit measured zero; missing records are never zero
0-20000-0-42176-202609081200-10,0-20000-0-42176,76.58,28.83,2026-09-08T12:00:00Z,4294e25e8734b5d29b8bbfd6db9f8435e99984730ad10a6e9be04d6b2263aed3,reported_zero,0.0,2026-09-08T11:00:00Z,2026-09-08T12:00:00Z,60.0,False,Reported precipitation water equivalent at one station; phase and instrument detection limit unverified,Explicit measured zero; missing records are never zero
0-20000-0-42181-202609081200-15,0-20000-0-42181,77.11,28.56,2026-09-08T12:00:00Z,4294e25e8734b5d29b8bbfd6db9f8435e99984730ad10a6e9be04d6b2263aed3,reported_zero,0.0,2026-09-08T11:00:00Z,2026-09-08T12:00:00Z,60.0,False,Reported precipitation water equivalent at one station; phase and instrument detection limit unverified,Explicit measured zero; missing records are never zero
0-20000-0-42182-202609081200-10,0-20000-0-42182,77.2,28.58,2026-09-08T12:00:00Z,4294e25e8734b5d29b8bbfd6db9f8435e99984730ad10a6e9be04d6b2263aed3,reported_zero,0.0,2026-09-08T11:00:00Z,2026-09-08T12:00:00Z,60.0,False,Reported precipitation water equivalent at one station; phase and instrument detection limit unverified,Explicit measured zero; missing records are never zero
0-20000-0-42181-202609081500-15,0-20000-0-42181,77.11,28.56,2026-09-08T15:00:00Z,4294e25e8734b5d29b8bbfd6db9f8435e99984730ad10a6e9be04d6b2263aed3,reported_zero,0.0,2026-09-08T14:00:00Z,2026-09-08T15:00:00Z,60.0,False,Reported precipitation water equivalent at one station; phase and instrument detection limit unverified,Explicit measured zero; missing records are never zero
0-20000-0-42182-202609081500-15,0-20000-0-42182,77.2,28.58,2026-09-08T15:00:00Z,642c1aea628847a1c1f0e37d3bb6f049342aa9a2963b9fd490b3369b00c75a3a,reported_zero,0.0,2026-09-08T14:00:00Z,2026-09-08T15:00:00Z,60.0,False,Reported precipitation water equivalent at one station; phase and instrument detection limit unverified,Explicit measured zero; missing records are never zero
0-20000-0-42181-202609081800-15,0-20000-0-42181,77.11,28.56,2026-09-08T18:00:00Z,642c1aea628847a1c1f0e37d3bb6f049342aa9a2963b9fd490b3369b00c75a3a,reported_zero,0.0,2026-09-08T17:00:00Z,2026-09-08T18:00:00Z,60.0,False,Reported precipitation water equivalent at one station; phase and instrument detection limit unverified,Explicit measured zero; missing records are never zero
0-20000-0-42182-202609081800-15,0-20000-0-42182,77.2,28.58,2026-09-08T18:00:00Z,642c1aea628847a1c1f0e37d3bb6f049342aa9a2963b9fd490b3369b00c75a3a,reported_zero,0.0,2026-09-08T17:00:00Z,2026-09-08T18:00:00Z,60.0,False,Reported precipitation water equivalent at one station; phase and instrument detection limit unverified,Explicit measured zero; missing records are never zero
0-20000-0-42181-202609082100-15,0-20000-0-42181,77.11,28.56,2026-09-08T21:00:00Z,642c1aea628847a1c1f0e37d3bb6f049342aa9a2963b9fd490b3369b00c75a3a,reported_zero,0.0,2026-09-08T20:00:00Z,2026-09-08T21:00:00Z,60.0,False,Reported precipitation water equivalent at one station; phase and instrument detection limit unverified,Explicit measured zero; missing records are never zero
0-20000-0-42182-202609082100-15,0-20000-0-42182,77.2,28.58,2026-09-08T21:00:00Z,642c1aea628847a1c1f0e37d3bb6f049342aa9a2963b9fd490b3369b00c75a3a,reported_zero,0.0,2026-09-08T20:00:00Z,2026-09-08T21:00:00Z,60.0,False,Reported precipitation water equivalent at one station; phase and instrument detection limit unverified,Explicit measured zero; missing records are never zero
0-20000-0-42181-202609090000-15,0-20000-0-42181,77.11,28.56,2026-09-09T00:00:00Z,642c1aea628847a1c1f0e37d3bb6f049342aa9a2963b9fd490b3369b00c75a3a,reported_zero,0.0,2026-09-08T23:00:00Z,2026-09-09T00:00:00Z,60.0,False,Reported precipitation water equivalent at one station; phase and instrument detection limit unverified,Explicit measured zero; missing records are never zero
0-20000-0-42182-202609090000-15,0-20000-0-42182,77.2,28.58,2026-09-09T00:00:00Z,642c1aea628847a1c1f0e37d3bb6f049342aa9a2963b9fd490b3369b00c75a3a,reported_zero,0.0,2026-09-08T23:00:00Z,2026-09-09T00:00:00Z,60.0,False,Reported precipitation water equivalent at one station; phase and instrument detection limit unverified,Explicit measured zero; missing records are never zero
0-20000-0-42139-202609090300-15,0-20000-0-42139,77.63,29.01,2026-09-09T03:00:00Z,642c1aea628847a1c1f0e37d3bb6f049342aa9a2963b9fd490b3369b00c75a3a,reported_zero,0.0,2026-09-09T02:00:00Z,2026-09-09T03:00:00Z,60.0,False,Reported precipitation water equivalent at one station; phase and instrument detection limit unverified,Explicit measured zero; missing records are never zero
0-20000-0-42176-202609090300-10,0-20000-0-42176,76.58,28.83,2026-09-09T03:00:00Z,642c1aea628847a1c1f0e37d3bb6f049342aa9a2963b9fd490b3369b00c75a3a,reported_zero,0.0,2026-09-09T02:00:00Z,2026-09-09T03:00:00Z,60.0,False,Reported precipitation water equivalent at one station; phase and instrument detection limit unverified,Explicit measured zero; missing records are never zero
0-20000-0-42181-202609090300-10,0-20000-0-42181,77.11,28.56,2026-09-09T03:00:00Z,642c1aea628847a1c1f0e37d3bb6f049342aa9a2963b9fd490b3369b00c75a3a,reported_zero,0.0,2026-09-09T02:00:00Z,2026-09-09T03:00:00Z,60.0,False,Reported precipitation water equivalent at one station; phase and instrument detection limit unverified,Explicit measured zero; missing records are never zero
0-20000-0-42182-202609090300-15,0-20000-0-42182,77.2,28.58,2026-09-09T03:00:00Z,642c1aea628847a1c1f0e37d3bb6f049342aa9a2963b9fd490b3369b00c75a3a,reported_zero,0.0,2026-09-09T02:00:00Z,2026-09-09T03:00:00Z,60.0,False,Reported precipitation water equivalent at one station; phase and instrument detection limit unverified,Explicit measured zero; missing records are never zero
0-20000-0-42139-202609090600-11,0-20000-0-42139,77.63,29.01,2026-09-09T06:00:00Z,642c1aea628847a1c1f0e37d3bb6f049342aa9a2963b9fd490b3369b00c75a3a,reported_zero,0.0,2026-09-09T05:00:00Z,2026-09-09T06:00:00Z,60.0,False,Reported precipitation water equivalent at one station; phase and instrument detection limit unverified,Explicit measured zero; missing records are never zero
0-20000-0-42181-202609090600-10,0-20000-0-42181,77.11,28.56,2026-09-09T06:00:00Z,642c1aea628847a1c1f0e37d3bb6f049342aa9a2963b9fd490b3369b00c75a3a,reported_zero,0.0,2026-09-09T05:00:00Z,2026-09-09T06:00:00Z,60.0,False,Reported precipitation water equivalent at one station; phase and instrument detection limit unverified,Explicit measured zero; missing records are never zero
0-20000-0-42182-202609090600-10,0-20000-0-42182,77.2,28.58,2026-09-09T06:00:00Z,642c1aea628847a1c1f0e37d3bb6f049342aa9a2963b9fd490b3369b00c75a3a,reported_zero,0.0,2026-09-09T05:00:00Z,2026-09-09T06:00:00Z,60.0,False,Reported precipitation water equivalent at one station; phase and instrument detection limit unverified,Explicit measured zero; missing records are never zero
0-20000-0-42139-202609090900-15,0-20000-0-42139,77.63,29.01,2026-09-09T09:00:00Z,642c1aea628847a1c1f0e37d3bb6f049342aa9a2963b9fd490b3369b00c75a3a,reported_zero,0.0,2026-09-09T08:00:00Z,2026-09-09T09:00:00Z,60.0,False,Reported precipitation water equivalent at one station; phase and instrument detection limit unverified,Explicit measured zero; missing records are never zero
0-20000-0-42181-202609090900-15,0-20000-0-42181,77.11,28.56,2026-09-09T09:00:00Z,642c1aea628847a1c1f0e37d3bb6f049342aa9a2963b9fd490b3369b00c75a3a,reported_zero,0.0,2026-09-09T08:00:00Z,2026-09-09T09:00:00Z,60.0,False,Reported precipitation water equivalent at one station; phase and instrument detection limit unverified,Explicit measured zero; missing records are never zero
0-20000-0-42182-202609090900-10,0-20000-0-42182,77.2,28.58,2026-09-09T09:00:00Z,642c1aea628847a1c1f0e37d3bb6f049342aa9a2963b9fd490b3369b00c75a3a,reported_zero,0.0,2026-09-09T08:00:00Z,2026-09-09T09:00:00Z,60.0,False,Reported precipitation water equivalent at one station; phase and instrument detection limit unverified,Explicit measured zero; missing records are never zero
0-20000-0-42139-202609091200-15,0-20000-0-42139,77.63,29.01,2026-09-09T12:00:00Z,642c1aea628847a1c1f0e37d3bb6f049342aa9a2963b9fd490b3369b00c75a3a,reported_zero,0.0,2026-09-09T11:00:00Z,2026-09-09T12:00:00Z,60.0,False,Reported precipitation water equivalent at one station; phase and instrument detection limit unverified,Explicit measured zero; missing records are never zero
0-20000-0-42176-202609091200-10,0-20000-0-42176,76.58,28.83,2026-09-09T12:00:00Z,642c1aea628847a1c1f0e37d3bb6f049342aa9a2963b9fd490b3369b00c75a3a,reported_zero,0.0,2026-09-09T11:00:00Z,2026-09-09T12:00:00Z,60.0,False,Reported precipitation water equivalent at one station; phase and instrument detection limit unverified,Explicit measured zero; missing records are never zero
0-20000-0-42181-202609091200-15,0-20000-0-42181,77.11,28.56,2026-09-09T12:00:00Z,642c1aea628847a1c1f0e37d3bb6f049342aa9a2963b9fd490b3369b00c75a3a,reported_zero,0.0,2026-09-09T11:00:00Z,2026-09-09T12:00:00Z,60.0,False,Reported precipitation water equivalent at one station; phase and instrument detection limit unverified,Explicit measured zero; missing records are never zero
0-20000-0-42182-202609091200-10,0-20000-0-42182,77.2,28.58,2026-09-09T12:00:00Z,642c1aea628847a1c1f0e37d3bb6f049342aa9a2963b9fd490b3369b00c75a3a,reported_zero,0.0,2026-09-09T11:00:00Z,2026-09-09T12:00:00Z,60.0,False,Reported precipitation water equivalent at one station; phase and instrument detection limit unverified,Explicit measured zero; missing records are never zero
0-20000-0-42181-202609091500-10,0-20000-0-42181,77.11,28.56,2026-09-09T15:00:00Z,642c1aea628847a1c1f0e37d3bb6f049342aa9a2963b9fd490b3369b00c75a3a,reported_zero,0.0,2026-09-09T14:00:00Z,2026-09-09T15:00:00Z,60.0,False,Reported precipitation water equivalent at one station; phase and instrument detection limit unverified,Explicit measured zero; missing records are never zero
0-20000-0-42182-202609091500-10,0-20000-0-42182,77.2,28.58,2026-09-09T15:00:00Z,642c1aea628847a1c1f0e37d3bb6f049342aa9a2963b9fd490b3369b00c75a3a,reported_zero,0.0,2026-09-09T14:00:00Z,2026-09-09T15:00:00Z,60.0,False,Reported precipitation water equivalent at one station; phase and instrument detection limit unverified,Explicit measured zero; missing records are never zero
0-20000-0-42181-202609091800-10,0-20000-0-42181,77.11,28.56,2026-09-09T18:00:00Z,642c1aea628847a1c1f0e37d3bb6f049342aa9a2963b9fd490b3369b00c75a3a,reported_zero,0.0,2026-09-09T17:00:00Z,2026-09-09T18:00:00Z,60.0,False,Reported precipitation water equivalent at one station; phase and instrument detection limit unverified,Explicit measured zero; missing records are never zero
0-20000-0-42182-202609091800-10,0-20000-0-42182,77.2,28.58,2026-09-09T18:00:00Z,642c1aea628847a1c1f0e37d3bb6f049342aa9a2963b9fd490b3369b00c75a3a,reported_zero,0.0,2026-09-09T17:00:00Z,2026-09-09T18:00:00Z,60.0,False,Reported precipitation water equivalent at one station; phase and instrument detection limit unverified,Explicit measured zero; missing records are never zero
0-20000-0-42181-202609092100-10,0-20000-0-42181,77.11,28.56,2026-09-09T21:00:00Z,642c1aea628847a1c1f0e37d3bb6f049342aa9a2963b9fd490b3369b00c75a3a,reported_zero,0.0,2026-09-09T20:00:00Z,2026-09-09T21:00:00Z,60.0,False,Reported precipitation water equivalent at one station; phase and instrument detection limit unverified,Explicit measured zero; missing records are never zero
0-20000-0-42182-202609092100-10,0-20000-0-42182,77.2,28.58,2026-09-09T21:00:00Z,642c1aea628847a1c1f0e37d3bb6f049342aa9a2963b9fd490b3369b00c75a3a,reported_zero,0.0,2026-09-09T20:00:00Z,2026-09-09T21:00:00Z,60.0,False,Reported precipitation water equivalent at one station; phase and instrument detection limit unverified,Explicit measured zero; missing records are never zero
0-20000-0-42181-202609100000-10,0-20000-0-42181,77.11,28.56,2026-09-10T00:00:00Z,642c1aea628847a1c1f0e37d3bb6f049342aa9a2963b9fd490b3369b00c75a3a,reported_zero,0.0,2026-09-09T23:00:00Z,2026-09-10T00:00:00Z,60.0,False,Reported precipitation water equivalent at one station; phase and instrument detection limit unverified,Explicit measured zero; missing records are never zero
0-20000-0-42182-202609100000-10,0-20000-0-42182,77.2,28.58,2026-09-10T00:00:00Z,642c1aea628847a1c1f0e37d3bb6f049342aa9a2963b9fd490b3369b00c75a3a,reported_zero,0.0,2026-09-09T23:00:00Z,2026-09-10T00:00:00Z,60.0,False,Reported precipitation water equivalent at one station; phase and instrument detection limit unverified,Explicit measured zero; missing records are never zero
0-20000-0-42139-202609100300-11,0-20000-0-42139,77.63,29.01,2026-09-10T03:00:00Z,642c1aea628847a1c1f0e37d3bb6f049342aa9a2963b9fd490b3369b00c75a3a,reported_zero,0.0,2026-09-10T02:00:00Z,2026-09-10T03:00:00Z,60.0,False,Reported precipitation water equivalent at one station; phase and instrument detection limit unverified,Explicit measured zero; missing records are never zero
0-20000-0-42181-202609100300-10,0-20000-0-42181,77.11,28.56,2026-09-10T03:00:00Z,642c1aea628847a1c1f0e37d3bb6f049342aa9a2963b9fd490b3369b00c75a3a,reported_zero,0.0,2026-09-10T02:00:00Z,2026-09-10T03:00:00Z,60.0,False,Reported precipitation water equivalent at one station; phase and instrument detection limit unverified,Explicit measured zero; missing records are never zero
0-20000-0-42182-202609100300-10,0-20000-0-42182,77.2,28.58,2026-09-10T03:00:00Z,642c1aea628847a1c1f0e37d3bb6f049342aa9a2963b9fd490b3369b00c75a3a,reported_zero,0.0,2026-09-10T02:00:00Z,2026-09-10T03:00:00Z,60.0,False,Reported precipitation water equivalent at one station; phase and instrument detection limit unverified,Explicit measured zero; missing records are never zero
0-20000-0-42139-202609100600-15,0-20000-0-42139,77.63,29.01,2026-09-10T06:00:00Z,642c1aea628847a1c1f0e37d3bb6f049342aa9a2963b9fd490b3369b00c75a3a,reported_zero,0.0,2026-09-10T05:00:00Z,2026-09-10T06:00:00Z,60.0,False,Reported precipitation water equivalent at one station; phase and instrument detection limit unverified,Explicit measured zero; missing records are never zero
0-20000-0-42181-202609100600-10,0-20000-0-42181,77.11,28.56,2026-09-10T06:00:00Z,642c1aea628847a1c1f0e37d3bb6f049342aa9a2963b9fd490b3369b00c75a3a,reported_zero,0.0,2026-09-10T05:00:00Z,2026-09-10T06:00:00Z,60.0,False,Reported precipitation water equivalent at one station; phase and instrument detection limit unverified,Explicit measured zero; missing records are never zero
0-20000-0-42182-202609100600-10,0-20000-0-42182,77.2,28.58,2026-09-10T06:00:00Z,642c1aea628847a1c1f0e37d3bb6f049342aa9a2963b9fd490b3369b00c75a3a,reported_zero,0.0,2026-09-10T05:00:00Z,2026-09-10T06:00:00Z,60.0,False,Reported precipitation water equivalent at one station; phase and instrument detection limit unverified,Explicit measured zero; missing records are never zero
0-20000-0-42139-202609100900-15,0-20000-0-42139,77.63,29.01,2026-09-10T09:00:00Z,642c1aea628847a1c1f0e37d3bb6f049342aa9a2963b9fd490b3369b00c75a3a,reported_zero,0.0,2026-09-10T08:00:00Z,2026-09-10T09:00:00Z,60.0,False,Reported precipitation water equivalent at one station; phase and instrument detection limit unverified,Explicit measured zero; missing records are never zero
0-20000-0-42181-202609100900-10,0-20000-0-42181,77.11,28.56,2026-09-10T09:00:00Z,642c1aea628847a1c1f0e37d3bb6f049342aa9a2963b9fd490b3369b00c75a3a,reported_zero,0.0,2026-09-10T08:00:00Z,2026-09-10T09:00:00Z,60.0,False,Reported precipitation water equivalent at one station; phase and instrument detection limit unverified,Explicit measured zero; missing records are never zero
0-20000-0-42182-202609100900-10,0-20000-0-42182,77.2,28.58,2026-09-10T09:00:00Z,642c1aea628847a1c1f0e37d3bb6f049342aa9a2963b9fd490b3369b00c75a3a,reported_zero,0.0,2026-09-10T08:00:00Z,2026-09-10T09:00:00Z,60.0,False,Reported precipitation water equivalent at one station; phase and instrument detection limit unverified,Explicit measured zero; missing records are never zero
0-20000-0-42139-202609101200-11,0-20000-0-42139,77.63,29.01,2026-09-10T12:00:00Z,642c1aea628847a1c1f0e37d3bb6f049342aa9a2963b9fd490b3369b00c75a3a,reported_zero,0.0,2026-09-10T11:00:00Z,2026-09-10T12:00:00Z,60.0,False,Reported precipitation water equivalent at one station; phase and instrument detection limit unverified,Explicit measured zero; missing records are never zero
0-20000-0-42176-202609101200-10,0-20000-0-42176,76.58,28.83,2026-09-10T12:00:00Z,642c1aea628847a1c1f0e37d3bb6f049342aa9a2963b9fd490b3369b00c75a3a,reported_zero,0.0,2026-09-10T11:00:00Z,2026-09-10T12:00:00Z,60.0,False,Reported precipitation water equivalent at one station; phase and instrument detection limit unverified,Explicit measured zero; missing records are never zero
0-20000-0-42181-202609101200-10,0-20000-0-42181,77.11,28.56,2026-09-10T12:00:00Z,642c1aea628847a1c1f0e37d3bb6f049342aa9a2963b9fd490b3369b00c75a3a,reported_zero,0.0,2026-09-10T11:00:00Z,2026-09-10T12:00:00Z,60.0,False,Reported precipitation water equivalent at one station; phase and instrument detection limit unverified,Explicit measured zero; missing records are never zero
0-20000-0-42182-202609101200-10,0-20000-0-42182,77.2,28.58,2026-09-10T12:00:00Z,642c1aea628847a1c1f0e37d3bb6f049342aa9a2963b9fd490b3369b00c75a3a,reported_zero,0.0,2026-09-10T11:00:00Z,2026-09-10T12:00:00Z,60.0,False,Reported precipitation water equivalent at one station; phase and instrument detection limit unverified,Explicit measured zero; missing records are never zero
0-20000-0-42181-202609101500-10,0-20000-0-42181,77.11,28.56,2026-09-10T15:00:00Z,642c1aea628847a1c1f0e37d3bb6f049342aa9a2963b9fd490b3369b00c75a3a,reported_zero,0.0,2026-09-10T14:00:00Z,2026-09-10T15:00:00Z,60.0,False,Reported precipitation water equivalent at one station; phase and instrument detection limit unverified,Explicit measured zero; missing records are never zero
0-20000-0-42182-202609101500-10,0-20000-0-42182,77.2,28.58,2026-09-10T15:00:00Z,642c1aea628847a1c1f0e37d3bb6f049342aa9a2963b9fd490b3369b00c75a3a,reported_zero,0.0,2026-09-10T14:00:00Z,2026-09-10T15:00:00Z,60.0,False,Reported precipitation water equivalent at one station; phase and instrument detection limit unverified,Explicit measured zero; missing records are never zero
0-20000-0-42181-202609101800-15,0-20000-0-42181,77.11,28.56,2026-09-10T18:00:00Z,642c1aea628847a1c1f0e37d3bb6f049342aa9a2963b9fd490b3369b00c75a3a,reported_zero,0.0,2026-09-10T17:00:00Z,2026-09-10T18:00:00Z,60.0,False,Reported precipitation water equivalent at one station; phase and instrument detection limit unverified,Explicit measured zero; missing records are never zero
0-20000-0-42182-202609101800-10,0-20000-0-42182,77.2,28.58,2026-09-10T18:00:00Z,642c1aea628847a1c1f0e37d3bb6f049342aa9a2963b9fd490b3369b00c75a3a,reported_zero,0.0,2026-09-10T17:00:00Z,2026-09-10T18:00:00Z,60.0,False,Reported precipitation water equivalent at one station; phase and instrument detection limit unverified,Explicit measured zero; missing records are never zero
0-20000-0-42181-202609102100-15,0-20000-0-42181,77.11,28.56,2026-09-10T21:00:00Z,642c1aea628847a1c1f0e37d3bb6f049342aa9a2963b9fd490b3369b00c75a3a,reported_zero,0.0,2026-09-10T20:00:00Z,2026-09-10T21:00:00Z,60.0,False,Reported precipitation water equivalent at one station; phase and instrument detection limit unverified,Explicit measured zero; missing records are never zero
0-20000-0-42182-202609102100-10,0-20000-0-42182,77.2,28.58,2026-09-10T21:00:00Z,642c1aea628847a1c1f0e37d3bb6f049342aa9a2963b9fd490b3369b00c75a3a,reported_zero,0.0,2026-09-10T20:00:00Z,2026-09-10T21:00:00Z,60.0,False,Reported precipitation water equivalent at one station; phase and instrument detection limit unverified,Explicit measured zero; missing records are never zero
0-20000-0-42181-202609110000-15,0-20000-0-42181,77.11,28.56,2026-09-11T00:00:00Z,642c1aea628847a1c1f0e37d3bb6f049342aa9a2963b9fd490b3369b00c75a3a,reported_zero,0.0,2026-09-10T23:00:00Z,2026-09-11T00:00:00Z,60.0,False,Reported precipitation water equivalent at one station; phase and instrument detection limit unverified,Explicit measured zero; missing records are never zero
0-20000-0-42182-202609110000-15,0-20000-0-42182,77.2,28.58,2026-09-11T00:00:00Z,642c1aea628847a1c1f0e37d3bb6f049342aa9a2963b9fd490b3369b00c75a3a,reported_zero,0.0,2026-09-10T23:00:00Z,2026-09-11T00:00:00Z,60.0,False,Reported precipitation water equivalent at one station; phase and instrument detection limit unverified,Explicit measured zero; missing records are never zero
0-20000-0-42139-202609110300-15,0-20000-0-42139,77.63,29.01,2026-09-11T03:00:00Z,642c1aea628847a1c1f0e37d3bb6f049342aa9a2963b9fd490b3369b00c75a3a,reported_zero,0.0,2026-09-11T02:00:00Z,2026-09-11T03:00:00Z,60.0,False,Reported precipitation water equivalent at one station; phase and instrument detection limit unverified,Explicit measured zero; missing records are never zero
0-20000-0-42176-202609110300-14,0-20000-0-42176,76.58,28.83,2026-09-11T03:00:00Z,642c1aea628847a1c1f0e37d3bb6f049342aa9a2963b9fd490b3369b00c75a3a,reported_zero,0.0,2026-09-11T02:00:00Z,2026-09-11T03:00:00Z,60.0,False,Reported precipitation water equivalent at one station; phase and instrument detection limit unverified,Explicit measured zero; missing records are never zero
0-20000-0-42181-202609110300-15,0-20000-0-42181,77.11,28.56,2026-09-11T03:00:00Z,642c1aea628847a1c1f0e37d3bb6f049342aa9a2963b9fd490b3369b00c75a3a,reported_zero,0.0,2026-09-11T02:00:00Z,2026-09-11T03:00:00Z,60.0,False,Reported precipitation water equivalent at one station; phase and instrument detection limit unverified,Explicit measured zero; missing records are never zero
0-20000-0-42182-202609110300-15,0-20000-0-42182,77.2,28.58,2026-09-11T03:00:00Z,642c1aea628847a1c1f0e37d3bb6f049342aa9a2963b9fd490b3369b00c75a3a,reported_zero,0.0,2026-09-11T02:00:00Z,2026-09-11T03:00:00Z,60.0,False,Reported precipitation water equivalent at one station; phase and instrument detection limit unverified,Explicit measured zero; missing records are never zero
0-20000-0-42139-202609110600-15,0-20000-0-42139,77.63,29.01,2026-09-11T06:00:00Z,642c1aea628847a1c1f0e37d3bb6f049342aa9a2963b9fd490b3369b00c75a3a,reported_zero,0.0,2026-09-11T05:00:00Z,2026-09-11T06:00:00Z,60.0,False,Reported precipitation water equivalent at one station; phase and instrument detection limit unverified,Explicit measured zero; missing records are never zero
0-20000-0-42181-202609110600-15,0-20000-0-42181,77.11,28.56,2026-09-11T06:00:00Z,642c1aea628847a1c1f0e37d3bb6f049342aa9a2963b9fd490b3369b00c75a3a,reported_zero,0.0,2026-09-11T05:00:00Z,2026-09-11T06:00:00Z,60.0,False,Reported precipitation water equivalent at one station; phase and instrument detection limit unverified,Explicit measured zero; missing records are never zero
0-20000-0-42182-202609110600-15,0-20000-0-42182,77.2,28.58,2026-09-11T06:00:00Z,642c1aea628847a1c1f0e37d3bb6f049342aa9a2963b9fd490b3369b00c75a3a,reported_zero,0.0,2026-09-11T05:00:00Z,2026-09-11T06:00:00Z,60.0,False,Reported precipitation water equivalent at one station; phase and instrument detection limit unverified,Explicit measured zero; missing records are never zero
0-20000-0-42139-202609110900-15,0-20000-0-42139,77.63,29.01,2026-09-11T09:00:00Z,642c1aea628847a1c1f0e37d3bb6f049342aa9a2963b9fd490b3369b00c75a3a,reported_zero,0.0,2026-09-11T08:00:00Z,2026-09-11T09:00:00Z,60.0,False,Reported precipitation water equivalent at one station; phase and instrument detection limit unverified,Explicit measured zero; missing records are never zero
0-20000-0-42139-202609120300-15,0-20000-0-42139,77.63,29.01,2026-09-12T03:00:00Z,9fac31a5635c1b71524fc3245555bf1d07081cfaa6a4fdb45525c61df0c37be9,reported_zero,0.0,2026-09-12T02:00:00Z,2026-09-12T03:00:00Z,60.0,False,Reported precipitation water equivalent at one station; phase and instrument detection limit unverified,Explicit measured zero; missing records are never zero
0-20000-0-42176-202609120300-14,0-20000-0-42176,76.58,28.83,2026-09-12T03:00:00Z,9fac31a5635c1b71524fc3245555bf1d07081cfaa6a4fdb45525c61df0c37be9,reported_zero,0.0,2026-09-12T02:00:00Z,2026-09-12T03:00:00Z,60.0,False,Reported precipitation water equivalent at one station; phase and instrument detection limit unverified,Explicit measured zero; missing records are never zero
0-20000-0-42139-202609120900-15,0-20000-0-42139,77.63,29.01,2026-09-12T09:00:00Z,9fac31a5635c1b71524fc3245555bf1d07081cfaa6a4fdb45525c61df0c37be9,reported_zero,0.0,2026-09-12T08:00:00Z,2026-09-12T09:00:00Z,60.0,False,Reported precipitation water equivalent at one station; phase and instrument detection limit unverified,Explicit measured zero; missing records are never zero
0-20000-0-42181-202609120900-15,0-20000-0-42181,77.11,28.56,2026-09-12T09:00:00Z,9fac31a5635c1b71524fc3245555bf1d07081cfaa6a4fdb45525c61df0c37be9,reported_zero,0.0,2026-09-12T08:00:00Z,2026-09-12T09:00:00Z,60.0,False,Reported precipitation water equivalent at one station; phase and instrument detection limit unverified,Explicit measured zero; missing records are never zero
0-20000-0-42182-202609120900-15,0-20000-0-42182,77.2,28.58,2026-09-12T09:00:00Z,9fac31a5635c1b71524fc3245555bf1d07081cfaa6a4fdb45525c61df0c37be9,reported_zero,0.0,2026-09-12T08:00:00Z,2026-09-12T09:00:00Z,60.0,False,Reported precipitation water equivalent at one station; phase and instrument detection limit unverified,Explicit measured zero; missing records are never zero
0-20000-0-42182-202609130600-15,0-20000-0-42182,77.2,28.58,2026-09-13T06:00:00Z,9fac31a5635c1b71524fc3245555bf1d07081cfaa6a4fdb45525c61df0c37be9,reported_zero,0.0,2026-09-13T05:00:00Z,2026-09-13T06:00:00Z,60.0,False,Reported precipitation water equivalent at one station; phase and instrument detection limit unverified,Explicit measured zero; missing records are never zero
0-20000-0-42181-202609130900-15,0-20000-0-42181,77.11,28.56,2026-09-13T09:00:00Z,9fac31a5635c1b71524fc3245555bf1d07081cfaa6a4fdb45525c61df0c37be9,reported_zero,0.0,2026-09-13T08:00:00Z,2026-09-13T09:00:00Z,60.0,False,Reported precipitation water equivalent at one station; phase and instrument detection limit unverified,Explicit measured zero; missing records are never zero
0-20000-0-42182-202609130900-15,0-20000-0-42182,77.2,28.58,2026-09-13T09:00:00Z,9fac31a5635c1b71524fc3245555bf1d07081cfaa6a4fdb45525c61df0c37be9,reported_zero,0.0,2026-09-13T08:00:00Z,2026-09-13T09:00:00Z,60.0,False,Reported precipitation water equivalent at one station; phase and instrument detection limit unverified,Explicit measured zero; missing records are never zero
0-20000-0-42182-202609131200-15,0-20000-0-42182,77.2,28.58,2026-09-13T12:00:00Z,9fac31a5635c1b71524fc3245555bf1d07081cfaa6a4fdb45525c61df0c37be9,reported_zero,0.0,2026-09-13T11:00:00Z,2026-09-13T12:00:00Z,60.0,False,Reported precipitation water equivalent at one station; phase and instrument detection limit unverified,Explicit measured zero; missing records are never zero
0-20000-0-42181-202609131500-15,0-20000-0-42181,77.11,28.56,2026-09-13T15:00:00Z,9fac31a5635c1b71524fc3245555bf1d07081cfaa6a4fdb45525c61df0c37be9,reported_zero,0.0,2026-09-13T14:00:00Z,2026-09-13T15:00:00Z,60.0,False,Reported precipitation water equivalent at one station; phase and instrument detection limit unverified,Explicit measured zero; missing records are never zero
0-20000-0-42182-202609131500-15,0-20000-0-42182,77.2,28.58,2026-09-13T15:00:00Z,9fac31a5635c1b71524fc3245555bf1d07081cfaa6a4fdb45525c61df0c37be9,reported_zero,0.0,2026-09-13T14:00:00Z,2026-09-13T15:00:00Z,60.0,False,Reported precipitation water equivalent at one station; phase and instrument detection limit unverified,Explicit measured zero; missing records are never zero
0-20000-0-42182-202609131800-15,0-20000-0-42182,77.2,28.58,2026-09-13T18:00:00Z,9fac31a5635c1b71524fc3245555bf1d07081cfaa6a4fdb45525c61df0c37be9,reported_zero,0.0,2026-09-13T17:00:00Z,2026-09-13T18:00:00Z,60.0,False,Reported precipitation water equivalent at one station; phase and instrument detection limit unverified,Explicit measured zero; missing records are never zero
0-20000-0-42182-202609140000-10,0-20000-0-42182,77.2,28.58,2026-09-14T00:00:00Z,2eb28d4c9f3f03bc4d79447de8e3286f450cad21981ecd8521a7711b92690c5c,reported_zero,0.0,2026-09-13T23:00:00Z,2026-09-14T00:00:00Z,60.0,False,Reported precipitation water equivalent at one station; phase and instrument detection limit unverified,Explicit measured zero; missing records are never zero
0-20000-0-42139-202609140600-15,0-20000-0-42139,77.63,29.01,2026-09-14T06:00:00Z,2eb28d4c9f3f03bc4d79447de8e3286f450cad21981ecd8521a7711b92690c5c,reported_zero,0.0,2026-09-14T05:00:00Z,2026-09-14T06:00:00Z,60.0,False,Reported precipitation water equivalent at one station; phase and instrument detection limit unverified,Explicit measured zero; missing records are never zero
0-20000-0-42181-202609140600-15,0-20000-0-42181,77.11,28.56,2026-09-14T06:00:00Z,2eb28d4c9f3f03bc4d79447de8e3286f450cad21981ecd8521a7711b92690c5c,reported_zero,0.0,2026-09-14T05:00:00Z,2026-09-14T06:00:00Z,60.0,False,Reported precipitation water equivalent at one station; phase and instrument detection limit unverified,Explicit measured zero; missing records are never zero
0-20000-0-42182-202609140600-15,0-20000-0-42182,77.2,28.58,2026-09-14T06:00:00Z,2eb28d4c9f3f03bc4d79447de8e3286f450cad21981ecd8521a7711b92690c5c,reported_zero,0.0,2026-09-14T05:00:00Z,2026-09-14T06:00:00Z,60.0,False,Reported precipitation water equivalent at one station; phase and instrument detection limit unverified,Explicit measured zero; missing records are never zero
0-20000-0-42139-202609140900-15,0-20000-0-42139,77.63,29.01,2026-09-14T09:00:00Z,2eb28d4c9f3f03bc4d79447de8e3286f450cad21981ecd8521a7711b92690c5c,reported_zero,0.0,2026-09-14T08:00:00Z,2026-09-14T09:00:00Z,60.0,False,Reported precipitation water equivalent at one station; phase and instrument detection limit unverified,Explicit measured zero; missing records are never zero
0-20000-0-42181-202609140900-15,0-20000-0-42181,77.11,28.56,2026-09-14T09:00:00Z,2eb28d4c9f3f03bc4d79447de8e3286f450cad21981ecd8521a7711b92690c5c,reported_zero,0.0,2026-09-14T08:00:00Z,2026-09-14T09:00:00Z,60.0,False,Reported precipitation water equivalent at one station; phase and instrument detection limit unverified,Explicit measured zero; missing records are never zero
0-20000-0-42182-202609140900-15,0-20000-0-42182,77.2,28.58,2026-09-14T09:00:00Z,2eb28d4c9f3f03bc4d79447de8e3286f450cad21981ecd8521a7711b92690c5c,reported_zero,0.0,2026-09-14T08:00:00Z,2026-09-14T09:00:00Z,60.0,False,Reported precipitation water equivalent at one station; phase and instrument detection limit unverified,Explicit measured zero; missing records are never zero
0-20000-0-42182-202609141200-15,0-20000-0-42182,77.2,28.58,2026-09-14T12:00:00Z,2eb28d4c9f3f03bc4d79447de8e3286f450cad21981ecd8521a7711b92690c5c,reported_zero,0.0,2026-09-14T11:00:00Z,2026-09-14T12:00:00Z,60.0,False,Reported precipitation water equivalent at one station; phase and instrument detection limit unverified,Explicit measured zero; missing records are never zero
0-20000-0-42181-202609141500-17,0-20000-0-42181,77.11,28.56,2026-09-14T15:00:00Z,2eb28d4c9f3f03bc4d79447de8e3286f450cad21981ecd8521a7711b92690c5c,reported_zero,0.0,2026-09-14T14:00:00Z,2026-09-14T15:00:00Z,60.0,False,Reported precipitation water equivalent at one station; phase and instrument detection limit unverified,Explicit measured zero; missing records are never zero
0-20000-0-42182-202609141500-15,0-20000-0-42182,77.2,28.58,2026-09-14T15:00:00Z,2eb28d4c9f3f03bc4d79447de8e3286f450cad21981ecd8521a7711b92690c5c,reported_zero,0.0,2026-09-14T14:00:00Z,2026-09-14T15:00:00Z,60.0,False,Reported precipitation water equivalent at one station; phase and instrument detection limit unverified,Explicit measured zero; missing records are never zero
0-20000-0-42182-202609141800-15,0-20000-0-42182,77.2,28.58,2026-09-14T18:00:00Z,2eb28d4c9f3f03bc4d79447de8e3286f450cad21981ecd8521a7711b92690c5c,reported_zero,0.0,2026-09-14T17:00:00Z,2026-09-14T18:00:00Z,60.0,False,Reported precipitation water equivalent at one station; phase and instrument detection limit unverified,Explicit measured zero; missing records are never zero
0-20000-0-42182-202609150300-17,0-20000-0-42182,77.2,28.58,2026-09-15T03:00:00Z,2eb28d4c9f3f03bc4d79447de8e3286f450cad21981ecd8521a7711b92690c5c,reported_zero,0.0,2026-09-15T02:00:00Z,2026-09-15T03:00:00Z,60.0,False,Reported precipitation water equivalent at one station; phase and instrument detection limit unverified,Explicit measured zero; missing records are never zero
0-20000-0-42139-202609150900-15,0-20000-0-42139,77.63,29.01,2026-09-15T09:00:00Z,2eb28d4c9f3f03bc4d79447de8e3286f450cad21981ecd8521a7711b92690c5c,reported_zero,0.0,2026-09-15T08:00:00Z,2026-09-15T09:00:00Z,60.0,False,Reported precipitation water equivalent at one station; phase and instrument detection limit unverified,Explicit measured zero; missing records are never zero
0-20000-0-42181-202609150900-15,0-20000-0-42181,77.11,28.56,2026-09-15T09:00:00Z,2eb28d4c9f3f03bc4d79447de8e3286f450cad21981ecd8521a7711b92690c5c,reported_zero,0.0,2026-09-15T08:00:00Z,2026-09-15T09:00:00Z,60.0,False,Reported precipitation water equivalent at one station; phase and instrument detection limit unverified,Explicit measured zero; missing records are never zero
0-20000-0-42182-202609150900-15,0-20000-0-42182,77.2,28.58,2026-09-15T09:00:00Z,2eb28d4c9f3f03bc4d79447de8e3286f450cad21981ecd8521a7711b92690c5c,reported_zero,0.0,2026-09-15T08:00:00Z,2026-09-15T09:00:00Z,60.0,False,Reported precipitation water equivalent at one station; phase and instrument detection limit unverified,Explicit measured zero; missing records are never zero
0-20000-0-42182-202609151200-15,0-20000-0-42182,77.2,28.58,2026-09-15T12:00:00Z,2eb28d4c9f3f03bc4d79447de8e3286f450cad21981ecd8521a7711b92690c5c,reported_zero,0.0,2026-09-15T11:00:00Z,2026-09-15T12:00:00Z,60.0,False,Reported precipitation water equivalent at one station; phase and instrument detection limit unverified,Explicit measured zero; missing records are never zero
0-20000-0-42182-202609160300-10,0-20000-0-42182,77.2,28.58,2026-09-16T03:00:00Z,2eb28d4c9f3f03bc4d79447de8e3286f450cad21981ecd8521a7711b92690c5c,reported_zero,0.0,2026-09-16T02:00:00Z,2026-09-16T03:00:00Z,60.0,False,Reported precipitation water equivalent at one station; phase and instrument detection limit unverified,Explicit measured zero; missing records are never zero
0-20000-0-42182-202609160600-15,0-20000-0-42182,77.2,28.58,2026-09-16T06:00:00Z,2eb28d4c9f3f03bc4d79447de8e3286f450cad21981ecd8521a7711b92690c5c,reported_zero,0.0,2026-09-16T05:00:00Z,2026-09-16T06:00:00Z,60.0,False,Reported precipitation water equivalent at one station; phase and instrument detection limit unverified,Explicit measured zero; missing records are never zero
0-20000-0-42182-202609160900-17,0-20000-0-42182,77.2,28.58,2026-09-16T09:00:00Z,2bf2b4f0d04cf9d1803a2f847ae6f361860ab53d5d07725c62c80492136a03cf,reported_zero,0.0,2026-09-16T08:00:00Z,2026-09-16T09:00:00Z,60.0,False,Reported precipitation water equivalent at one station; phase and instrument detection limit unverified,Explicit measured zero; missing records are never zero
0-20000-0-42181-202609161800-10,0-20000-0-42181,77.11,28.56,2026-09-16T18:00:00Z,2bf2b4f0d04cf9d1803a2f847ae6f361860ab53d5d07725c62c80492136a03cf,reported_zero,0.0,2026-09-16T17:00:00Z,2026-09-16T18:00:00Z,60.0,False,Reported precipitation water equivalent at one station; phase and instrument detection limit unverified,Explicit measured zero; missing records are never zero
0-20000-0-42182-202609161800-10,0-20000-0-42182,77.2,28.58,2026-09-16T18:00:00Z,2bf2b4f0d04cf9d1803a2f847ae6f361860ab53d5d07725c62c80492136a03cf,reported_zero,0.0,2026-09-16T17:00:00Z,2026-09-16T18:00:00Z,60.0,False,Reported precipitation water equivalent at one station; phase and instrument detection limit unverified,Explicit measured zero; missing records are never zero
0-20000-0-42176-202609170300-14,0-20000-0-42176,76.58,28.83,2026-09-17T03:00:00Z,2bf2b4f0d04cf9d1803a2f847ae6f361860ab53d5d07725c62c80492136a03cf,reported_zero,0.0,2026-09-17T02:00:00Z,2026-09-17T03:00:00Z,60.0,False,Reported precipitation water equivalent at one station; phase and instrument detection limit unverified,Explicit measured zero; missing records are never zero
0-20000-0-42139-202609170900-15,0-20000-0-42139,77.63,29.01,2026-09-17T09:00:00Z,2bf2b4f0d04cf9d1803a2f847ae6f361860ab53d5d07725c62c80492136a03cf,reported_zero,0.0,2026-09-17T08:00:00Z,2026-09-17T09:00:00Z,60.0,False,Reported precipitation water equivalent at one station; phase and instrument detection limit unverified,Explicit measured zero; missing records are never zero
0-20000-0-42176-202609170900-14,0-20000-0-42176,76.58,28.83,2026-09-17T09:00:00Z,2bf2b4f0d04cf9d1803a2f847ae6f361860ab53d5d07725c62c80492136a03cf,reported_zero,0.0,2026-09-17T08:00:00Z,2026-09-17T09:00:00Z,60.0,False,Reported precipitation water equivalent at one station; phase and instrument detection limit unverified,Explicit measured zero; missing records are never zero
0-20000-0-42181-202609170900-15,0-20000-0-42181,77.11,28.56,2026-09-17T09:00:00Z,2bf2b4f0d04cf9d1803a2f847ae6f361860ab53d5d07725c62c80492136a03cf,reported_zero,0.0,2026-09-17T08:00:00Z,2026-09-17T09:00:00Z,60.0,False,Reported precipitation water equivalent at one station; phase and instrument detection limit unverified,Explicit measured zero; missing records are never zero
0-20000-0-42182-202609170900-17,0-20000-0-42182,77.2,28.58,2026-09-17T09:00:00Z,2bf2b4f0d04cf9d1803a2f847ae6f361860ab53d5d07725c62c80492136a03cf,reported_zero,0.0,2026-09-17T08:00:00Z,2026-09-17T09:00:00Z,60.0,False,Reported precipitation water equivalent at one station; phase and instrument detection limit unverified,Explicit measured zero; missing records are never zero
0-20000-0-42181-202609171500-15,0-20000-0-42181,77.11,28.56,2026-09-17T15:00:00Z,2bf2b4f0d04cf9d1803a2f847ae6f361860ab53d5d07725c62c80492136a03cf,reported_zero,0.0,2026-09-17T14:00:00Z,2026-09-17T15:00:00Z,60.0,False,Reported precipitation water equivalent at one station; phase and instrument detection limit unverified,Explicit measured zero; missing records are never zero
0-20000-0-42182-202609171500-15,0-20000-0-42182,77.2,28.58,2026-09-17T15:00:00Z,2bf2b4f0d04cf9d1803a2f847ae6f361860ab53d5d07725c62c80492136a03cf,reported_zero,0.0,2026-09-17T14:00:00Z,2026-09-17T15:00:00Z,60.0,False,Reported precipitation water equivalent at one station; phase and instrument detection limit unverified,Explicit measured zero; missing records are never zero
0-20000-0-42181-202609171800-15,0-20000-0-42181,77.11,28.56,2026-09-17T18:00:00Z,2bf2b4f0d04cf9d1803a2f847ae6f361860ab53d5d07725c62c80492136a03cf,reported_zero,0.0,2026-09-17T17:00:00Z,2026-09-17T18:00:00Z,60.0,False,Reported precipitation water equivalent at one station; phase and instrument detection limit unverified,Explicit measured zero; missing records are never zero
0-20000-0-42181-202609172100-20,0-20000-0-42181,77.11,28.56,2026-09-17T21:00:00Z,2bf2b4f0d04cf9d1803a2f847ae6f361860ab53d5d07725c62c80492136a03cf,reported_zero,0.0,2026-09-17T20:00:00Z,2026-09-17T21:00:00Z,60.0,False,Reported precipitation water equivalent at one station; phase and instrument detection limit unverified,Explicit measured zero; missing records are never zero
0-20000-0-42181-202609180000-15,0-20000-0-42181,77.11,28.56,2026-09-18T00:00:00Z,2bf2b4f0d04cf9d1803a2f847ae6f361860ab53d5d07725c62c80492136a03cf,reported_zero,0.0,2026-09-17T23:00:00Z,2026-09-18T00:00:00Z,60.0,False,Reported precipitation water equivalent at one station; phase and instrument detection limit unverified,Explicit measured zero; missing records are never zero
0-20000-0-42182-202609180000-10,0-20000-0-42182,77.2,28.58,2026-09-18T00:00:00Z,2bf2b4f0d04cf9d1803a2f847ae6f361860ab53d5d07725c62c80492136a03cf,reported_zero,0.0,2026-09-17T23:00:00Z,2026-09-18T00:00:00Z,60.0,False,Reported precipitation water equivalent at one station; phase and instrument detection limit unverified,Explicit measured zero; missing records are never zero
0-20000-0-42181-202609190000-10,0-20000-0-42181,77.11,28.56,2026-09-19T00:00:00Z,15cb1c5d8a710c11fd55f6d7cdb37b28e5b99267f34e0774c9de34a9ca2bf174,reported_zero,0.0,2026-09-18T23:00:00Z,2026-09-19T00:00:00Z,60.0,False,Reported precipitation water equivalent at one station; phase and instrument detection limit unverified,Explicit measured zero; missing records are never zero
0-20000-0-42139-202609190600-15,0-20000-0-42139,77.63,29.01,2026-09-19T06:00:00Z,15cb1c5d8a710c11fd55f6d7cdb37b28e5b99267f34e0774c9de34a9ca2bf174,reported_zero,0.0,2026-09-19T05:00:00Z,2026-09-19T06:00:00Z,60.0,False,Reported precipitation water equivalent at one station; phase and instrument detection limit unverified,Explicit measured zero; missing records are never zero
0-20000-0-42181-202609190600-15,0-20000-0-42181,77.11,28.56,2026-09-19T06:00:00Z,15cb1c5d8a710c11fd55f6d7cdb37b28e5b99267f34e0774c9de34a9ca2bf174,reported_zero,0.0,2026-09-19T05:00:00Z,2026-09-19T06:00:00Z,60.0,False,Reported precipitation water equivalent at one station; phase and instrument detection limit unverified,Explicit measured zero; missing records are never zero
0-20000-0-42182-202609190600-13,0-20000-0-42182,77.2,28.58,2026-09-19T06:00:00Z,15cb1c5d8a710c11fd55f6d7cdb37b28e5b99267f34e0774c9de34a9ca2bf174,reported_zero,0.0,2026-09-19T05:00:00Z,2026-09-19T06:00:00Z,60.0,False,Reported precipitation water equivalent at one station; phase and instrument detection limit unverified,Explicit measured zero; missing records are never zero
0-20000-0-42181-202609191200-20,0-20000-0-42181,77.11,28.56,2026-09-19T12:00:00Z,15cb1c5d8a710c11fd55f6d7cdb37b28e5b99267f34e0774c9de34a9ca2bf174,reported_zero,0.0,2026-09-19T11:00:00Z,2026-09-19T12:00:00Z,60.0,False,Reported precipitation water equivalent at one station; phase and instrument detection limit unverified,Explicit measured zero; missing records are never zero
0-20000-0-42182-202609191200-15,0-20000-0-42182,77.2,28.58,2026-09-19T12:00:00Z,15cb1c5d8a710c11fd55f6d7cdb37b28e5b99267f34e0774c9de34a9ca2bf174,reported_zero,0.0,2026-09-19T11:00:00Z,2026-09-19T12:00:00Z,60.0,False,Reported precipitation water equivalent at one station; phase and instrument detection limit unverified,Explicit measured zero; missing records are never zero
0-20000-0-42139-202609201200-15,0-20000-0-42139,77.63,29.01,2026-09-20T12:00:00Z,15cb1c5d8a710c11fd55f6d7cdb37b28e5b99267f34e0774c9de34a9ca2bf174,reported_zero,0.0,2026-09-20T11:00:00Z,2026-09-20T12:00:00Z,60.0,False,Reported precipitation water equivalent at one station; phase and instrument detection limit unverified,Explicit measured zero; missing records are never zero
0-20000-0-42176-202609201200-10,0-20000-0-42176,76.58,28.83,2026-09-20T12:00:00Z,15cb1c5d8a710c11fd55f6d7cdb37b28e5b99267f34e0774c9de34a9ca2bf174,reported_zero,0.0,2026-09-20T11:00:00Z,2026-09-20T12:00:00Z,60.0,False,Reported precipitation water equivalent at one station; phase and instrument detection limit unverified,Explicit measured zero; missing records are never zero
0-20000-0-42181-202609201200-15,0-20000-0-42181,77.11,28.56,2026-09-20T12:00:00Z,15cb1c5d8a710c11fd55f6d7cdb37b28e5b99267f34e0774c9de34a9ca2bf174,reported_zero,0.0,2026-09-20T11:00:00Z,2026-09-20T12:00:00Z,60.0,False,Reported precipitation water equivalent at one station; phase and instrument detection limit unverified,Explicit measured zero; missing records are never zero
0-20000-0-42139-202609210600-15,0-20000-0-42139,77.63,29.01,2026-09-21T06:00:00Z,dfc8639789d5c89d9906f92a756efef60b3bb4f45d48890295efccac08b35564,reported_zero,0.0,2026-09-21T05:00:00Z,2026-09-21T06:00:00Z,60.0,False,Reported precipitation water equivalent at one station; phase and instrument detection limit unverified,Explicit measured zero; missing records are never zero
0-20000-0-42181-202609210600-17,0-20000-0-42181,77.11,28.56,2026-09-21T06:00:00Z,dfc8639789d5c89d9906f92a756efef60b3bb4f45d48890295efccac08b35564,reported_zero,0.0,2026-09-21T05:00:00Z,2026-09-21T06:00:00Z,60.0,False,Reported precipitation water equivalent at one station; phase and instrument detection limit unverified,Explicit measured zero; missing records are never zero
0-20000-0-42182-202609210600-15,0-20000-0-42182,77.2,28.58,2026-09-21T06:00:00Z,dfc8639789d5c89d9906f92a756efef60b3bb4f45d48890295efccac08b35564,reported_zero,0.0,2026-09-21T05:00:00Z,2026-09-21T06:00:00Z,60.0,False,Reported precipitation water equivalent at one station; phase and instrument detection limit unverified,Explicit measured zero; missing records are never zero
0-20000-0-42181-202609211800-15,0-20000-0-42181,77.11,28.56,2026-09-21T18:00:00Z,dfc8639789d5c89d9906f92a756efef60b3bb4f45d48890295efccac08b35564,reported_zero,0.0,2026-09-21T17:00:00Z,2026-09-21T18:00:00Z,60.0,False,Reported precipitation water equivalent at one station; phase and instrument detection limit unverified,Explicit measured zero; missing records are never zero
0-20000-0-42181-202609212100-10,0-20000-0-42181,77.11,28.56,2026-09-21T21:00:00Z,dfc8639789d5c89d9906f92a756efef60b3bb4f45d48890295efccac08b35564,reported_zero,0.0,2026-09-21T20:00:00Z,2026-09-21T21:00:00Z,60.0,False,Reported precipitation water equivalent at one station; phase and instrument detection limit unverified,Explicit measured zero; missing records are never zero
0-20000-0-42181-202609220000-10,0-20000-0-42181,77.11,28.56,2026-09-22T00:00:00Z,dfc8639789d5c89d9906f92a756efef60b3bb4f45d48890295efccac08b35564,reported_zero,0.0,2026-09-21T23:00:00Z,2026-09-22T00:00:00Z,60.0,False,Reported precipitation water equivalent at one station; phase and instrument detection limit unverified,Explicit measured zero; missing records are never zero
0-20000-0-42181-202609221500-10,0-20000-0-42181,77.11,28.56,2026-09-22T15:00:00Z,dfc8639789d5c89d9906f92a756efef60b3bb4f45d48890295efccac08b35564,reported_zero,0.0,2026-09-22T14:00:00Z,2026-09-22T15:00:00Z,60.0,False,Reported precipitation water equivalent at one station; phase and instrument detection limit unverified,Explicit measured zero; missing records are never zero
0-20000-0-42182-202609221500-10,0-20000-0-42182,77.2,28.58,2026-09-22T15:00:00Z,dfc8639789d5c89d9906f92a756efef60b3bb4f45d48890295efccac08b35564,reported_zero,0.0,2026-09-22T14:00:00Z,2026-09-22T15:00:00Z,60.0,False,Reported precipitation water equivalent at one station; phase and instrument detection limit unverified,Explicit measured zero; missing records are never zero
0-20000-0-42181-202609230000-10,0-20000-0-42181,77.11,28.56,2026-09-23T00:00:00Z,dfc8639789d5c89d9906f92a756efef60b3bb4f45d48890295efccac08b35564,reported_zero,0.0,2026-09-22T23:00:00Z,2026-09-23T00:00:00Z,60.0,False,Reported precipitation water equivalent at one station; phase and instrument detection limit unverified,Explicit measured zero; missing records are never zero
0-20000-0-42139-202609230600-15,0-20000-0-42139,77.63,29.01,2026-09-23T06:00:00Z,dfc8639789d5c89d9906f92a756efef60b3bb4f45d48890295efccac08b35564,reported_zero,0.0,2026-09-23T05:00:00Z,2026-09-23T06:00:00Z,60.0,False,Reported precipitation water equivalent at one station; phase and instrument detection limit unverified,Explicit measured zero; missing records are never zero
0-20000-0-42181-202609230600-15,0-20000-0-42181,77.11,28.56,2026-09-23T06:00:00Z,dfc8639789d5c89d9906f92a756efef60b3bb4f45d48890295efccac08b35564,reported_zero,0.0,2026-09-23T05:00:00Z,2026-09-23T06:00:00Z,60.0,False,Reported precipitation water equivalent at one station; phase and instrument detection limit unverified,Explicit measured zero; missing records are never zero
0-20000-0-42139-202609230900-15,0-20000-0-42139,77.63,29.01,2026-09-23T09:00:00Z,dfc8639789d5c89d9906f92a756efef60b3bb4f45d48890295efccac08b35564,reported_zero,0.0,2026-09-23T08:00:00Z,2026-09-23T09:00:00Z,60.0,False,Reported precipitation water equivalent at one station; phase and instrument detection limit unverified,Explicit measured zero; missing records are never zero
0-20000-0-42181-202609230900-10,0-20000-0-42181,77.11,28.56,2026-09-23T09:00:00Z,dfc8639789d5c89d9906f92a756efef60b3bb4f45d48890295efccac08b35564,reported_zero,0.0,2026-09-23T08:00:00Z,2026-09-23T09:00:00Z,60.0,False,Reported precipitation water equivalent at one station; phase and instrument detection limit unverified,Explicit measured zero; missing records are never zero
0-20000-0-42182-202609230900-15,0-20000-0-42182,77.2,28.58,2026-09-23T09:00:00Z,dfc8639789d5c89d9906f92a756efef60b3bb4f45d48890295efccac08b35564,reported_zero,0.0,2026-09-23T08:00:00Z,2026-09-23T09:00:00Z,60.0,False,Reported precipitation water equivalent at one station; phase and instrument detection limit unverified,Explicit measured zero; missing records are never zero
0-20000-0-42182-202609231800-10,0-20000-0-42182,77.2,28.58,2026-09-23T18:00:00Z,dfc8639789d5c89d9906f92a756efef60b3bb4f45d48890295efccac08b35564,reported_zero,0.0,2026-09-23T17:00:00Z,2026-09-23T18:00:00Z,60.0,False,Reported precipitation water equivalent at one station; phase and instrument detection limit unverified,Explicit measured zero; missing records are never zero
0-20000-0-42139-202609240900-15,0-20000-0-42139,77.63,29.01,2026-09-24T09:00:00Z,f00541020af8449402041f080cb1176498496e56c2da2b315150711edfa12675,reported_zero,0.0,2026-09-24T08:00:00Z,2026-09-24T09:00:00Z,60.0,False,Reported precipitation water equivalent at one station; phase and instrument detection limit unverified,Explicit measured zero; missing records are never zero
0-20000-0-42181-202609240900-15,0-20000-0-42181,77.11,28.56,2026-09-24T09:00:00Z,f00541020af8449402041f080cb1176498496e56c2da2b315150711edfa12675,reported_zero,0.0,2026-09-24T08:00:00Z,2026-09-24T09:00:00Z,60.0,False,Reported precipitation water equivalent at one station; phase and instrument detection limit unverified,Explicit measured zero; missing records are never zero
0-20000-0-42182-202609240900-15,0-20000-0-42182,77.2,28.58,2026-09-24T09:00:00Z,f00541020af8449402041f080cb1176498496e56c2da2b315150711edfa12675,reported_zero,0.0,2026-09-24T08:00:00Z,2026-09-24T09:00:00Z,60.0,False,Reported precipitation water equivalent at one station; phase and instrument detection limit unverified,Explicit measured zero; missing records are never zero
0-20000-0-42181-202609241500-10,0-20000-0-42181,77.11,28.56,2026-09-24T15:00:00Z,f00541020af8449402041f080cb1176498496e56c2da2b315150711edfa12675,reported_zero,0.0,2026-09-24T14:00:00Z,2026-09-24T15:00:00Z,60.0,False,Reported precipitation water equivalent at one station; phase and instrument detection limit unverified,Explicit measured zero; missing records are never zero
0-20000-0-42182-202609241500-10,0-20000-0-42182,77.2,28.58,2026-09-24T15:00:00Z,f00541020af8449402041f080cb1176498496e56c2da2b315150711edfa12675,reported_zero,0.0,2026-09-24T14:00:00Z,2026-09-24T15:00:00Z,60.0,False,Reported precipitation water equivalent at one station; phase and instrument detection limit unverified,Explicit measured zero; missing records are never zero
0-20000-0-42181-202609250900-15,0-20000-0-42181,77.11,28.56,2026-09-25T09:00:00Z,f00541020af8449402041f080cb1176498496e56c2da2b315150711edfa12675,reported_zero,0.0,2026-09-25T08:00:00Z,2026-09-25T09:00:00Z,60.0,False,Reported precipitation water equivalent at one station; phase and instrument detection limit unverified,Explicit measured zero; missing records are never zero
0-20000-0-42182-202609251800-15,0-20000-0-42182,77.2,28.58,2026-09-25T18:00:00Z,f00541020af8449402041f080cb1176498496e56c2da2b315150711edfa12675,reported_zero,0.0,2026-09-25T17:00:00Z,2026-09-25T18:00:00Z,60.0,False,Reported precipitation water equivalent at one station; phase and instrument detection limit unverified,Explicit measured zero; missing records are never zero
0-20000-0-42181-202609260000-15,0-20000-0-42181,77.11,28.56,2026-09-26T00:00:00Z,f00541020af8449402041f080cb1176498496e56c2da2b315150711edfa12675,reported_zero,0.0,2026-09-25T23:00:00Z,2026-09-26T00:00:00Z,60.0,False,Reported precipitation water equivalent at one station; phase and instrument detection limit unverified,Explicit measured zero; missing records are never zero
0-20000-0-42181-202609270600-15,0-20000-0-42181,77.11,28.56,2026-09-27T06:00:00Z,ed8ecd12ac90b53d2880de09edf62a45df7a0a5f04b785a905b394f6e8182c1e,reported_zero,0.0,2026-09-27T05:00:00Z,2026-09-27T06:00:00Z,60.0,False,Reported precipitation water equivalent at one station; phase and instrument detection limit unverified,Explicit measured zero; missing records are never zero
0-20000-0-42182-202609270600-15,0-20000-0-42182,77.2,28.58,2026-09-27T06:00:00Z,ed8ecd12ac90b53d2880de09edf62a45df7a0a5f04b785a905b394f6e8182c1e,reported_zero,0.0,2026-09-27T05:00:00Z,2026-09-27T06:00:00Z,60.0,False,Reported precipitation water equivalent at one station; phase and instrument detection limit unverified,Explicit measured zero; missing records are never zero
0-20000-0-42182-202609271500-13,0-20000-0-42182,77.2,28.58,2026-09-27T15:00:00Z,ed8ecd12ac90b53d2880de09edf62a45df7a0a5f04b785a905b394f6e8182c1e,reported_zero,0.0,2026-09-27T14:00:00Z,2026-09-27T15:00:00Z,60.0,False,Reported precipitation water equivalent at one station; phase and instrument detection limit unverified,Explicit measured zero; missing records are never zero
0-20000-0-42181-202609272100-18,0-20000-0-42181,77.11,28.56,2026-09-27T21:00:00Z,ed8ecd12ac90b53d2880de09edf62a45df7a0a5f04b785a905b394f6e8182c1e,reported_zero,0.0,2026-09-27T20:00:00Z,2026-09-27T21:00:00Z,60.0,False,Reported precipitation water equivalent at one station; phase and instrument detection limit unverified,Explicit measured zero; missing records are never zero
0-20000-0-42182-202609280300-15,0-20000-0-42182,77.2,28.58,2026-09-28T03:00:00Z,ed8ecd12ac90b53d2880de09edf62a45df7a0a5f04b785a905b394f6e8182c1e,reported_zero,0.0,2026-09-28T02:00:00Z,2026-09-28T03:00:00Z,60.0,False,Reported precipitation water equivalent at one station; phase and instrument detection limit unverified,Explicit measured zero; missing records are never zero
0-20000-0-42182-202609280600-20,0-20000-0-42182,77.2,28.58,2026-09-28T06:00:00Z,ed8ecd12ac90b53d2880de09edf62a45df7a0a5f04b785a905b394f6e8182c1e,reported_zero,0.0,2026-09-28T05:00:00Z,2026-09-28T06:00:00Z,60.0,False,Reported precipitation water equivalent at one station; phase and instrument detection limit unverified,Explicit measured zero; missing records are never zero
0-20000-0-42182-202609291200-10,0-20000-0-42182,77.2,28.58,2026-09-29T12:00:00Z,53a435daa1531aef75628444fcee0dcc0ae7ce7d2d57d1380e31da977486359b,reported_zero,0.0,2026-09-29T11:00:00Z,2026-09-29T12:00:00Z,60.0,False,Reported precipitation water equivalent at one station; phase and instrument detection limit unverified,Explicit measured zero; missing records are never zero
0-20000-0-42182-202609291500-10,0-20000-0-42182,77.2,28.58,2026-09-29T15:00:00Z,53a435daa1531aef75628444fcee0dcc0ae7ce7d2d57d1380e31da977486359b,reported_zero,0.0,2026-09-29T14:00:00Z,2026-09-29T15:00:00Z,60.0,False,Reported precipitation water equivalent at one station; phase and instrument detection limit unverified,Explicit measured zero; missing records are never zero
0-20000-0-42139-202609300300-11,0-20000-0-42139,77.63,29.01,2026-09-30T03:00:00Z,53a435daa1531aef75628444fcee0dcc0ae7ce7d2d57d1380e31da977486359b,reported_zero,0.0,2026-09-30T02:00:00Z,2026-09-30T03:00:00Z,60.0,False,Reported precipitation water equivalent at one station; phase and instrument detection limit unverified,Explicit measured zero; missing records are never zero
0-20000-0-42176-202609300300-10,0-20000-0-42176,76.58,28.83,2026-09-30T03:00:00Z,53a435daa1531aef75628444fcee0dcc0ae7ce7d2d57d1380e31da977486359b,reported_zero,0.0,2026-09-30T02:00:00Z,2026-09-30T03:00:00Z,60.0,False,Reported precipitation water equivalent at one station; phase and instrument detection limit unverified,Explicit measured zero; missing records are never zero
0-20000-0-42181-202609300300-10,0-20000-0-42181,77.11,28.56,2026-09-30T03:00:00Z,53a435daa1531aef75628444fcee0dcc0ae7ce7d2d57d1380e31da977486359b,reported_zero,0.0,2026-09-30T02:00:00Z,2026-09-30T03:00:00Z,60.0,False,Reported precipitation water equivalent at one station; phase and instrument detection limit unverified,Explicit measured zero; missing records are never zero
0-20000-0-42182-202609300300-10,0-20000-0-42182,77.2,28.58,2026-09-30T03:00:00Z,53a435daa1531aef75628444fcee0dcc0ae7ce7d2d57d1380e31da977486359b,reported_zero,0.0,2026-09-30T02:00:00Z,2026-09-30T03:00:00Z,60.0,False,Reported precipitation water equivalent at one station; phase and instrument detection limit unverified,Explicit measured zero; missing records are never zero
