"2026-09-30 12:00:00","2026-09-30 15:00:00","TMP","2 m above ground",76.5,28,302.548
"2026-09-30 12:00:00","2026-09-30 15:00:00","TMP","2 m above ground",76.75,28,302.448
"2026-09-30 12:00:00","2026-09-30 15:00:00","TMP","2 m above ground",77,28,302.248
"2026-09-30 12:00:00","2026-09-30 15:00:00","TMP","2 m above ground",77.25,28,301.448
"2026-09-30 12:00:00","2026-09-30 15:00:00","TMP","2 m above ground",77.5,28,300.148
"2026-09-30 12:00:00","2026-09-30 15:00:00","TMP","2 m above ground",77.75,28,299.848
"2026-09-30 12:00:00","2026-09-30 15:00:00","TMP","2 m above ground",78,28,299.248
"2026-09-30 12:00:00","2026-09-30 15:00:00","TMP","2 m above ground",78.25,28,298.748
"2026-09-30 12:00:00","2026-09-30 15:00:00","TMP","2 m above ground",76.5,28.25,302.748
"2026-09-30 12:00:00","2026-09-30 15:00:00","TMP","2 m above ground",76.75,28.25,302.248
"2026-09-30 12:00:00","2026-09-30 15:00:00","TMP","2 m above ground",77,28.25,302.048
"2026-09-30 12:00:00","2026-09-30 15:00:00","TMP","2 m above ground",77.25,28.25,301.448
"2026-09-30 12:00:00","2026-09-30 15:00:00","TMP","2 m above ground",77.5,28.25,299.848
"2026-09-30 12:00:00","2026-09-30 15:00:00","TMP","2 m above ground",77.75,28.25,299.248
"2026-09-30 12:00:00","2026-09-30 15:00:00","TMP","2 m above ground",78,28.25,298.748
"2026-09-30 12:00:00","2026-09-30 15:00:00","TMP","2 m above ground",78.25,28.25,298.348
"2026-09-30 12:00:00","2026-09-30 15:00:00","TMP","2 m above ground",76.5,28.5,302.848
"2026-09-30 12:00:00","2026-09-30 15:00:00","TMP","2 m above ground",76.75,28.5,302.148
"2026-09-30 12:00:00","2026-09-30 15:00:00","TMP","2 m above ground",77,28.5,304.048
"2026-09-30 12:00:00","2026-09-30 15:00:00","TMP","2 m above ground",77.25,28.5,303.548
"2026-09-30 12:00:00","2026-09-30 15:00:00","TMP","2 m above ground",77.5,28.5,301.348
"2026-09-30 12:00:00","2026-09-30 15:00:00","TMP","2 m above ground",77.75,28.5,298.948
"2026-09-30 12:00:00","2026-09-30 15:00:00","TMP","2 m above ground",78,28.5,298.548
"2026-09-30 12:00:00","2026-09-30 15:00:00","TMP","2 m above ground",78.25,28.5,298.248
"2026-09-30 12:00:00","2026-09-30 15:00:00","TMP","2 m above ground",76.5,28.75,302.048
"2026-09-30 12:00:00","2026-09-30 15:00:00","TMP","2 m above ground",76.75,28.75,300.948
"2026-09-30 12:00:00","2026-09-30 15:00:00","TMP","2 m above ground",77,28.75,302.348
"2026-09-30 12:00:00","2026-09-30 15:00:00","TMP","2 m above ground",77.25,28.75,302.148
"2026-09-30 12:00:00","2026-09-30 15:00:00","TMP","2 m above ground",77.5,28.75,299.748
"2026-09-30 12:00:00","2026-09-30 15:00:00","TMP","2 m above ground",77.75,28.75,298.748
"2026-09-30 12:00:00","2026-09-30 15:00:00","TMP","2 m above ground",78,28.75,298.348
"2026-09-30 12:00:00","2026-09-30 15:00:00","TMP","2 m above ground",78.25,28.75,297.948
"2026-09-30 12:00:00","2026-09-30 15:00:00","TMP","2 m above ground",76.5,29,300.848
"2026-09-30 12:00:00","2026-09-30 15:00:00","TMP","2 m above ground",76.75,29,299.948
"2026-09-30 12:00:00","2026-09-30 15:00:00","TMP","2 m above ground",77,29,299.448
"2026-09-30 12:00:00","2026-09-30 15:00:00","TMP","2 m above ground",77.25,29,298.948
"2026-09-30 12:00:00","2026-09-30 15:00:00","TMP","2 m above ground",77.5,29,298.448
"2026-09-30 12:00:00","2026-09-30 15:00:00","TMP","2 m above ground",77.75,29,299.348
"2026-09-30 12:00:00","2026-09-30 15:00:00","TMP","2 m above ground",78,29,297.848
"2026-09-30 12:00:00","2026-09-30 15:00:00","TMP","2 m above ground",78.25,29,297.548
"2026-09-30 12:00:00","2026-09-30 15:00:00","TMP","2 m above ground",76.5,29.25,300.148
"2026-09-30 12:00:00","2026-09-30 15:00:00","TMP","2 m above ground",76.75,29.25,299.648
"2026-09-30 12:00:00","2026-09-30 15:00:00","TMP","2 m above ground",77,29.25,299.348
"2026-09-30 12:00:00","2026-09-30 15:00:00","TMP","2 m above ground",77.25,29.25,298.548
"2026-09-30 12:00:00","2026-09-30 15:00:00","TMP","2 m above ground",77.5,29.25,297.848
"2026-09-30 12:00:00","2026-09-30 15:00:00","TMP","2 m above ground",77.75,29.25,297.548
"2026-09-30 12:00:00","2026-09-30 15:00:00","TMP","2 m above ground",78,29.25,297.348
"2026-09-30 12:00:00","2026-09-30 15:00:00","TMP","2 m above ground",78.25,29.25,297.248
"2026-09-30 12:00:00","2026-09-30 15:00:00","TMP","2 m above ground",76.5,29.5,300.248
"2026-09-30 12:00:00","2026-09-30 15:00:00","TMP","2 m above ground",76.75,29.5,300.048
"2026-09-30 12:00:00","2026-09-30 15:00:00","TMP","2 m above ground",77,29.5,299.448
"2026-09-30 12:00:00","2026-09-30 15:00:00","TMP","2 m above ground",77.25,29.5,298.448
"2026-09-30 12:00:00","2026-09-30 15:00:00","TMP","2 m above ground",77.5,29.5,297.548
"2026-09-30 12:00:00","2026-09-30 15:00:00","TMP","2 m above ground",77.75,29.5,297.348
"2026-09-30 12:00:00","2026-09-30 15:00:00","TMP","2 m above ground",78,29.5,297.348
"2026-09-30 12:00:00","2026-09-30 15:00:00","TMP","2 m above ground",78.25,29.5,296.948
"2026-09-30 12:00:00","2026-09-30 15:00:00","RH","2 m above ground",76.5,28,35.1
"2026-09-30 12:00:00","2026-09-30 15:00:00","RH","2 m above ground",76.75,28,36.1
"2026-09-30 12:00:00","2026-09-30 15:00:00","RH","2 m above ground",77,28,38.3
"2026-09-30 12:00:00","2026-09-30 15:00:00","RH","2 m above ground",77.25,28,44.9
"2026-09-30 12:00:00","2026-09-30 15:00:00","RH","2 m above ground",77.5,28,58.7
"2026-09-30 12:00:00","2026-09-30 15:00:00","RH","2 m above ground",77.75,28,60.1
"2026-09-30 12:00:00","2026-09-30 15:00:00","RH","2 m above ground",78,28,62.6
"2026-09-30 12:00:00","2026-09-30 15:00:00","RH","2 m above ground",78.25,28,65.7
"2026-09-30 12:00:00","2026-09-30 15:00:00","RH","2 m above ground",76.5,28.25,34.9
"2026-09-30 12:00:00","2026-09-30 15:00:00","RH","2 m above ground",76.75,28.25,38.5
"2026-09-30 12:00:00","2026-09-30 15:00:00","RH","2 m above ground",77,28.25,40.7
"2026-09-30 12:00:00","2026-09-30 15:00:00","RH","2 m above ground",77.25,28.25,44.7
"2026-09-30 12:00:00","2026-09-30 15:00:00","RH","2 m above ground",77.5,28.25,58.6
"2026-09-30 12:00:00","2026-09-30 15:00:00","RH","2 m above ground",77.75,28.25,60.8
"2026-09-30 12:00:00","2026-09-30 15:00:00","RH","2 m above ground",78,28.25,63.8
"2026-09-30 12:00:00","2026-09-30 15:00:00","RH","2 m above ground",78.25,28.25,67.4
"2026-09-30 12:00:00","2026-09-30 15:00:00","RH","2 m above ground",76.5,28.5,35.1
"2026-09-30 12:00:00","2026-09-30 15:00:00","RH","2 m above ground",76.75,28.5,42.6
"2026-09-30 12:00:00","2026-09-30 15:00:00","RH","2 m above ground",77,28.5,37.7
"2026-09-30 12:00:00","2026-09-30 15:00:00","RH","2 m above ground",77.25,28.5,41.6
"2026-09-30 12:00:00","2026-09-30 15:00:00","RH","2 m above ground",77.5,28.5,50.4
"2026-09-30 12:00:00","2026-09-30 15:00:00","RH","2 m above ground",77.75,28.5,60
"2026-09-30 12:00:00","2026-09-30 15:00:00","RH","2 m above ground",78,28.5,62.3
"2026-09-30 12:00:00","2026-09-30 15:00:00","RH","2 m above ground",78.25,28.5,66.6
"2026-09-30 12:00:00","2026-09-30 15:00:00","RH","2 m above ground",76.5,28.75,40.7
"2026-09-30 12:00:00","2026-09-30 15:00:00","RH","2 m above ground",76.75,28.75,53.1
"2026-09-30 12:00:00","2026-09-30 15:00:00","RH","2 m above ground",77,28.75,46.9
"2026-09-30 12:00:00","2026-09-30 15:00:00","RH","2 m above ground",77.25,28.75,47.5
"2026-09-30 12:00:00","2026-09-30 15:00:00","RH","2 m above ground",77.5,28.75,55.6
"2026-09-30 12:00:00","2026-09-30 15:00:00","RH","2 m above ground",77.75,28.75,59.7
"2026-09-30 12:00:00","2026-09-30 15:00:00","RH","2 m above ground",78,28.75,62.2
"2026-09-30 12:00:00","2026-09-30 15:00:00","RH","2 m above ground",78.25,28.75,67.1
"2026-09-30 12:00:00","2026-09-30 15:00:00","RH","2 m above ground",76.5,29,49.7
"2026-09-30 12:00:00","2026-09-30 15:00:00","RH","2 m above ground",76.75,29,57.4
"2026-09-30 12:00:00","2026-09-30 15:00:00","RH","2 m above ground",77,29,56.8
"2026-09-30 12:00:00","2026-09-30 15:00:00","RH","2 m above ground",77.25,29,57
"2026-09-30 12:00:00","2026-09-30 15:00:00","RH","2 m above ground",77.5,29,59
"2026-09-30 12:00:00","2026-09-30 15:00:00","RH","2 m above ground",77.75,29,57.6
"2026-09-30 12:00:00","2026-09-30 15:00:00","RH","2 m above ground",78,29,66.2
"2026-09-30 12:00:00","2026-09-30 15:00:00","RH","2 m above ground",78.25,29,71.1
"2026-09-30 12:00:00","2026-09-30 15:00:00","RH","2 m above ground",76.5,29.25,52.2
"2026-09-30 12:00:00","2026-09-30 15:00:00","RH","2 m above ground",76.75,29.25,54.1
"2026-09-30 12:00:00","2026-09-30 15:00:00","RH","2 m above ground",77,29.25,53.1
"2026-09-30 12:00:00","2026-09-30 15:00:00","RH","2 m above ground",77.25,29.25,55.9
"2026-09-30 12:00:00","2026-09-30 15:00:00","RH","2 m above ground",77.5,29.25,60.8
"2026-09-30 12:00:00","2026-09-30 15:00:00","RH","2 m above ground",77.75,29.25,66.5
"2026-09-30 12:00:00","2026-09-30 15:00:00","RH","2 m above ground",78,29.25,72.8
"2026-09-30 12:00:00","2026-09-30 15:00:00","RH","2 m above ground",78.25,29.25,76.2
"2026-09-30 12:00:00","2026-09-30 15:00:00","RH","2 m above ground",76.5,29.5,48
"2026-09-30 12:00:00","2026-09-30 15:00:00","RH","2 m above ground",76.75,29.5,47.5
"2026-09-30 12:00:00","2026-09-30 15:00:00","RH","2 m above ground",77,29.5,50.2
"2026-09-30 12:00:00","2026-09-30 15:00:00","RH","2 m above ground",77.25,29.5,55.9
"2026-09-30 12:00:00","2026-09-30 15:00:00","RH","2 m above ground",77.5,29.5,65.1
"2026-09-30 12:00:00","2026-09-30 15:00:00","RH","2 m above ground",77.75,29.5,73.5
"2026-09-30 12:00:00","2026-09-30 15:00:00","RH","2 m above ground",78,29.5,75.1
"2026-09-30 12:00:00","2026-09-30 15:00:00","RH","2 m above ground",78.25,29.5,76.7
"2026-09-30 12:00:00","2026-09-30 15:00:00","UGRD","10 m above ground",76.5,28,1.99684
"2026-09-30 12:00:00","2026-09-30 15:00:00","UGRD","10 m above ground",76.75,28,1.51684
"2026-09-30 12:00:00","2026-09-30 15:00:00","UGRD","10 m above ground",77,28,0.806836
"2026-09-30 12:00:00","2026-09-30 15:00:00","UGRD","10 m above ground",77.25,28,-1.68316
"2026-09-30 12:00:00","2026-09-30 15:00:00","UGRD","10 m above ground",77.5,28,-2.13316
"2026-09-30 12:00:00","2026-09-30 15:00:00","UGRD","10 m above ground",77.75,28,-1.52316
"2026-09-30 12:00:00","2026-09-30 15:00:00","UGRD","10 m above ground",78,28,-1.36316
"2026-09-30 12:00:00","2026-09-30 15:00:00","UGRD","10 m above ground",78.25,28,-1.05316
"2026-09-30 12:00:00","2026-09-30 15:00:00","UGRD","10 m above ground",76.5,28.25,1.32684
"2026-09-30 12:00:00","2026-09-30 15:00:00","UGRD","10 m above ground",76.75,28.25,0.376836
"2026-09-30 12:00:00","2026-09-30 15:00:00","UGRD","10 m above ground",77,28.25,0.0268358
"2026-09-30 12:00:00","2026-09-30 15:00:00","UGRD","10 m above ground",77.25,28.25,-1.55316
"2026-09-30 12:00:00","2026-09-30 15:00:00","UGRD","10 m above ground",77.5,28.25,-1.53316
"2026-09-30 12:00:00","2026-09-30 15:00:00","UGRD","10 m above ground",77.75,28.25,-0.853164
"2026-09-30 12:00:00","2026-09-30 15:00:00","UGRD","10 m above ground",78,28.25,-0.723164
"2026-09-30 12:00:00","2026-09-30 15:00:00","UGRD","10 m above ground",78.25,28.25,-0.523164
"2026-09-30 12:00:00","2026-09-30 15:00:00","UGRD","10 m above ground",76.5,28.5,0.756836
"2026-09-30 12:00:00","2026-09-30 15:00:00","UGRD","10 m above ground",76.75,28.5,-0.633164
"2026-09-30 12:00:00","2026-09-30 15:00:00","UGRD","10 m above ground",77,28.5,-0.953164
"2026-09-30 12:00:00","2026-09-30 15:00:00","UGRD","10 m above ground",77.25,28.5,-1.15316
"2026-09-30 12:00:00","2026-09-30 15:00:00","UGRD","10 m above ground",77.5,28.5,-0.553164
"2026-09-30 12:00:00","2026-09-30 15:00:00","UGRD","10 m above ground",77.75,28.5,0.0168358
"2026-09-30 12:00:00","2026-09-30 15:00:00","UGRD","10 m above ground",78,28.5,0.256836
"2026-09-30 12:00:00","2026-09-30 15:00:00","UGRD","10 m above ground",78.25,28.5,0.516836
"2026-09-30 12:00:00","2026-09-30 15:00:00","UGRD","10 m above ground",76.5,28.75,-0.493164
"2026-09-30 12:00:00","2026-09-30 15:00:00","UGRD","10 m above ground",76.75,28.75,-2.05316
"2026-09-30 12:00:00","2026-09-30 15:00:00","UGRD","10 m above ground",77,28.75,-1.60316
"2026-09-30 12:00:00","2026-09-30 15:00:00","UGRD","10 m above ground",77.25,28.75,-0.773164
"2026-09-30 12:00:00","2026-09-30 15:00:00","UGRD","10 m above ground",77.5,28.75,0.186836
"2026-09-30 12:00:00","2026-09-30 15:00:00","UGRD","10 m above ground",77.75,28.75,0.726836
"2026-09-30 12:00:00","2026-09-30 15:00:00","UGRD","10 m above ground",78,28.75,0.936836
"2026-09-30 12:00:00","2026-09-30 15:00:00","UGRD","10 m above ground",78.25,28.75,1.12684
"2026-09-30 12:00:00","2026-09-30 15:00:00","UGRD","10 m above ground",76.5,29,-2.10316
"2026-09-30 12:00:00","2026-09-30 15:00:00","UGRD","10 m above ground",76.75,29,-1.75316
"2026-09-30 12:00:00","2026-09-30 15:00:00","UGRD","10 m above ground",77,29,-0.823164
"2026-09-30 12:00:00","2026-09-30 15:00:00","UGRD","10 m above ground",77.25,29,0.00683578
"2026-09-30 12:00:00","2026-09-30 15:00:00","UGRD","10 m above ground",77.5,29,0.686836
"2026-09-30 12:00:00","2026-09-30 15:00:00","UGRD","10 m above ground",77.75,29,0.876836
"2026-09-30 12:00:00","2026-09-30 15:00:00","UGRD","10 m above ground",78,29,1.12684
"2026-09-30 12:00:00","2026-09-30 15:00:00","UGRD","10 m above ground",78.25,29,1.39684
"2026-09-30 12:00:00","2026-09-30 15:00:00","UGRD","10 m above ground",76.5,29.25,-2.03316
"2026-09-30 12:00:00","2026-09-30 15:00:00","UGRD","10 m above ground",76.75,29.25,-0.873164
"2026-09-30 12:00:00","2026-09-30 15:00:00","UGRD","10 m above ground",77,29.25,0.156836
"2026-09-30 12:00:00","2026-09-30 15:00:00","UGRD","10 m above ground",77.25,29.25,0.696836
"2026-09-30 12:00:00","2026-09-30 15:00:00","UGRD","10 m above ground",77.5,29.25,0.836836
"2026-09-30 12:00:00","2026-09-30 15:00:00","UGRD","10 m above ground",77.75,29.25,0.936836
"2026-09-30 12:00:00","2026-09-30 15:00:00","UGRD","10 m above ground",78,29.25,1.18684
"2026-09-30 12:00:00","2026-09-30 15:00:00","UGRD","10 m above ground",78.25,29.25,1.41684
"2026-09-30 12:00:00","2026-09-30 15:00:00","UGRD","10 m above ground",76.5,29.5,-1.02316
"2026-09-30 12:00:00","2026-09-30 15:00:00","UGRD","10 m above ground",76.75,29.5,0.296836
"2026-09-30 12:00:00","2026-09-30 15:00:00","UGRD","10 m above ground",77,29.5,0.996836
"2026-09-30 12:00:00","2026-09-30 15:00:00","UGRD","10 m above ground",77.25,29.5,0.876836
"2026-09-30 12:00:00","2026-09-30 15:00:00","UGRD","10 m above ground",77.5,29.5,0.576836
"2026-09-30 12:00:00","2026-09-30 15:00:00","UGRD","10 m above ground",77.75,29.5,0.456836
"2026-09-30 12:00:00","2026-09-30 15:00:00","UGRD","10 m above ground",78,29.5,0.786836
"2026-09-30 12:00:00","2026-09-30 15:00:00","UGRD","10 m above ground",78.25,29.5,1.01684
"2026-09-30 12:00:00","2026-09-30 15:00:00","VGRD","10 m above ground",76.5,28,-1.17565
"2026-09-30 12:00:00","2026-09-30 15:00:00","VGRD","10 m above ground",76.75,28,-1.28565
"2026-09-30 12:00:00","2026-09-30 15:00:00","VGRD","10 m above ground",77,28,-1.56565
"2026-09-30 12:00:00","2026-09-30 15:00:00","VGRD","10 m above ground",77.25,28,-1.56565
"2026-09-30 12:00:00","2026-09-30 15:00:00","VGRD","10 m above ground",77.5,28,-1.50565
"2026-09-30 12:00:00","2026-09-30 15:00:00","VGRD","10 m above ground",77.75,28,-2.21565
"2026-09-30 12:00:00","2026-09-30 15:00:00","VGRD","10 m above ground",78,28,-2.40565
"2026-09-30 12:00:00","2026-09-30 15:00:00","VGRD","10 m above ground",78.25,28,-2.55565
"2026-09-30 12:00:00","2026-09-30 15:00:00","VGRD","10 m above ground",76.5,28.25,-1.23565
"2026-09-30 12:00:00","2026-09-30 15:00:00","VGRD","10 m above ground",76.75,28.25,-2.02565
"2026-09-30 12:00:00","2026-09-30 15:00:00","VGRD","10 m above ground",77,28.25,-1.97565
"2026-09-30 12:00:00","2026-09-30 15:00:00","VGRD","10 m above ground",77.25,28.25,-2.03565
"2026-09-30 12:00:00","2026-09-30 15:00:00","VGRD","10 m above ground",77.5,28.25,-2.29565
"2026-09-30 12:00:00","2026-09-30 15:00:00","VGRD","10 m above ground",77.75,28.25,-2.67565
"2026-09-30 12:00:00","2026-09-30 15:00:00","VGRD","10 m above ground",78,28.25,-2.60565
"2026-09-30 12:00:00","2026-09-30 15:00:00","VGRD","10 m above ground",78.25,28.25,-2.61565
"2026-09-30 12:00:00","2026-09-30 15:00:00","VGRD","10 m above ground",76.5,28.5,-2.70565
"2026-09-30 12:00:00","2026-09-30 15:00:00","VGRD","10 m above ground",76.75,28.5,-2.79565
"2026-09-30 12:00:00","2026-09-30 15:00:00","VGRD","10 m above ground",77,28.5,-2.51565
"2026-09-30 12:00:00","2026-09-30 15:00:00","VGRD","10 m above ground",77.25,28.5,-2.49565
"2026-09-30 12:00:00","2026-09-30 15:00:00","VGRD","10 m above ground",77.5,28.5,-2.66565
"2026-09-30 12:00:00","2026-09-30 15:00:00","VGRD","10 m above ground",77.75,28.5,-2.91565
"2026-09-30 12:00:00","2026-09-30 15:00:00","VGRD","10 m above ground",78,28.5,-2.88565
"2026-09-30 12:00:00","2026-09-30 15:00:00","VGRD","10 m above ground",78.25,28.5,-2.82565
"2026-09-30 12:00:00","2026-09-30 15:00:00","VGRD","10 m above ground",76.5,28.75,-2.43565
"2026-09-30 12:00:00","2026-09-30 15:00:00","VGRD","10 m above ground",76.75,28.75,-1.74565
"2026-09-30 12:00:00","2026-09-30 15:00:00","VGRD","10 m above ground",77,28.75,-1.67565
"2026-09-30 12:00:00","2026-09-30 15:00:00","VGRD","10 m above ground",77.25,28.75,-1.57565
"2026-09-30 12:00:00","2026-09-30 15:00:00","VGRD","10 m above ground",77.5,28.75,-1.95565
"2026-09-30 12:00:00","2026-09-30 15:00:00","VGRD","10 m above ground",77.75,28.75,-2.16565
"2026-09-30 12:00:00","2026-09-30 15:00:00","VGRD","10 m above ground",78,28.75,-2.27565
"2026-09-30 12:00:00","2026-09-30 15:00:00","VGRD","10 m above ground",78.25,28.75,-2.31565
"2026-09-30 12:00:00","2026-09-30 15:00:00","VGRD","10 m above ground",76.5,29,-0.655649
"2026-09-30 12:00:00","2026-09-30 15:00:00","VGRD","10 m above ground",76.75,29,-0.295649
"2026-09-30 12:00:00","2026-09-30 15:00:00","VGRD","10 m above ground",77,29,-0.925649
"2026-09-30 12:00:00","2026-09-30 15:00:00","VGRD","10 m above ground",77.25,29,-1.43565
"2026-09-30 12:00:00","2026-09-30 15:00:00","VGRD","10 m above ground",77.5,29,-1.78565
"2026-09-30 12:00:00","2026-09-30 15:00:00","VGRD","10 m above ground",77.75,29,-1.74565
"2026-09-30 12:00:00","2026-09-30 15:00:00","VGRD","10 m above ground",78,29,-2.03565
"2026-09-30 12:00:00","2026-09-30 15:00:00","VGRD","10 m above ground",78.25,29,-1.90565
"2026-09-30 12:00:00","2026-09-30 15:00:00","VGRD","10 m above ground",76.5,29.25,0.304351
"2026-09-30 12:00:00","2026-09-30 15:00:00","VGRD","10 m above ground",76.75,29.25,-0.0856494
"2026-09-30 12:00:00","2026-09-30 15:00:00","VGRD","10 m above ground",77,29.25,-1.07565
"2026-09-30 12:00:00","2026-09-30 15:00:00","VGRD","10 m above ground",77.25,29.25,-1.44565
"2026-09-30 12:00:00","2026-09-30 15:00:00","VGRD","10 m above ground",77.5,29.25,-1.71565
"2026-09-30 12:00:00","2026-09-30 15:00:00","VGRD","10 m above ground",77.75,29.25,-1.75565
"2026-09-30 12:00:00","2026-09-30 15:00:00","VGRD","10 m above ground",78,29.25,-1.51565
"2026-09-30 12:00:00","2026-09-30 15:00:00","VGRD","10 m above ground",78.25,29.25,-1.14565
"2026-09-30 12:00:00","2026-09-30 15:00:00","VGRD","10 m above ground",76.5,29.5,0.464351
"2026-09-30 12:00:00","2026-09-30 15:00:00","VGRD","10 m above ground",76.75,29.5,-0.285649
"2026-09-30 12:00:00","2026-09-30 15:00:00","VGRD","10 m above ground",77,29.5,-0.785649
"2026-09-30 12:00:00","2026-09-30 15:00:00","VGRD","10 m above ground",77.25,29.5,-1.13565
"2026-09-30 12:00:00","2026-09-30 15:00:00","VGRD","10 m above ground",77.5,29.5,-1.30565
"2026-09-30 12:00:00","2026-09-30 15:00:00","VGRD","10 m above ground",77.75,29.5,-1.07565
"2026-09-30 12:00:00","2026-09-30 15:00:00","VGRD","10 m above ground",78,29.5,-0.925649
"2026-09-30 12:00:00","2026-09-30 15:00:00","VGRD","10 m above ground",78.25,29.5,-1.02565
"2026-09-30 12:00:00","2026-09-30 15:00:00","CAPE","surface",76.5,28,0
"2026-09-30 12:00:00","2026-09-30 15:00:00","CAPE","surface",76.75,28,0
"2026-09-30 12:00:00","2026-09-30 15:00:00","CAPE","surface",77,28,0
"2026-09-30 12:00:00","2026-09-30 15:00:00","CAPE","surface",77.25,28,0
"2026-09-30 12:00:00","2026-09-30 15:00:00","CAPE","surface",77.5,28,0
"2026-09-30 12:00:00","2026-09-30 15:00:00","CAPE","surface",77.75,28,0
"2026-09-30 12:00:00","2026-09-30 15:00:00","CAPE","surface",78,28,0
"2026-09-30 12:00:00","2026-09-30 15:00:00","CAPE","surface",78.25,28,0
"2026-09-30 12:00:00","2026-09-30 15:00:00","CAPE","surface",76.5,28.25,0
"2026-09-30 12:00:00","2026-09-30 15:00:00","CAPE","surface",76.75,28.25,0
"2026-09-30 12:00:00","2026-09-30 15:00:00","CAPE","surface",77,28.25,0
"2026-09-30 12:00:00","2026-09-30 15:00:00","CAPE","surface",77.25,28.25,0
"2026-09-30 12:00:00","2026-09-30 15:00:00","CAPE","surface",77.5,28.25,0
"2026-09-30 12:00:00","2026-09-30 15:00:00","CAPE","surface",77.75,28.25,0
"2026-09-30 12:00:00","2026-09-30 15:00:00","CAPE","surface",78,28.25,0
"2026-09-30 12:00:00","2026-09-30 15:00:00","CAPE","surface",78.25,28.25,0
"2026-09-30 12:00:00","2026-09-30 15:00:00","CAPE","surface",76.5,28.5,0
"2026-09-30 12:00:00","2026-09-30 15:00:00","CAPE","surface",76.75,28.5,0
"2026-09-30 12:00:00","2026-09-30 15:00:00","CAPE","surface",77,28.5,0
"2026-09-30 12:00:00","2026-09-30 15:00:00","CAPE","surface",77.25,28.5,0
"2026-09-30 12:00:00","2026-09-30 15:00:00","CAPE","surface",77.5,28.5,0
"2026-09-30 12:00:00","2026-09-30 15:00:00","CAPE","surface",77.75,28.5,0
"2026-09-30 12:00:00","2026-09-30 15:00:00","CAPE","surface",78,28.5,0
"2026-09-30 12:00:00","2026-09-30 15:00:00","CAPE","surface",78.25,28.5,0
"2026-09-30 12:00:00","2026-09-30 15:00:00","CAPE","surface",76.5,28.75,0
"2026-09-30 12:00:00","2026-09-30 15:00:00","CAPE","surface",76.75,28.75,84
"2026-09-30 12:00:00","2026-09-30 15:00:00","CAPE","surface",77,28.75,0
"2026-09-30 12:00:00","2026-09-30 15:00:00","CAPE","surface",77.25,28.75,0
"2026-09-30 12:00:00","2026-09-30 15:00:00","CAPE","surface",77.5,28.75,0
"2026-09-30 12:00:00","2026-09-30 15:00:00","CAPE","surface",77.75,28.75,0
"2026-09-30 12:00:00","2026-09-30 15:00:00","CAPE","surface",78,28.75,0
"2026-09-30 12:00:00","2026-09-30 15:00:00","CAPE","surface",78.25,28.75,0
"2026-09-30 12:00:00","2026-09-30 15:00:00","CAPE","surface",76.5,29,2
"2026-09-30 12:00:00","2026-09-30 15:00:00","CAPE","surface",76.75,29,88
"2026-09-30 12:00:00","2026-09-30 15:00:00","CAPE","surface",77,29,0
"2026-09-30 12:00:00","2026-09-30 15:00:00","CAPE","surface",77.25,29,0
"2026-09-30 12:00:00","2026-09-30 15:00:00","CAPE","surface",77.5,29,0
"2026-09-30 12:00:00","2026-09-30 15:00:00","CAPE","surface",77.75,29,0
"2026-09-30 12:00:00","2026-09-30 15:00:00","CAPE","surface",78,29,0
"2026-09-30 12:00:00","2026-09-30 15:00:00","CAPE","surface",78.25,29,6
"2026-09-30 12:00:00","2026-09-30 15:00:00","CAPE","surface",76.5,29.25,0
"2026-09-30 12:00:00","2026-09-30 15:00:00","CAPE","surface",76.75,29.25,0
"2026-09-30 12:00:00","2026-09-30 15:00:00","CAPE","surface",77,29.25,0
"2026-09-30 12:00:00","2026-09-30 15:00:00","CAPE","surface",77.25,29.25,0
"2026-09-30 12:00:00","2026-09-30 15:00:00","CAPE","surface",77.5,29.25,0
"2026-09-30 12:00:00","2026-09-30 15:00:00","CAPE","surface",77.75,29.25,12
"2026-09-30 12:00:00","2026-09-30 15:00:00","CAPE","surface",78,29.25,142
"2026-09-30 12:00:00","2026-09-30 15:00:00","CAPE","surface",78.25,29.25,212
"2026-09-30 12:00:00","2026-09-30 15:00:00","CAPE","surface",76.5,29.5,0
"2026-09-30 12:00:00","2026-09-30 15:00:00","CAPE","surface",76.75,29.5,0
"2026-09-30 12:00:00","2026-09-30 15:00:00","CAPE","surface",77,29.5,0
"2026-09-30 12:00:00","2026-09-30 15:00:00","CAPE","surface",77.25,29.5,0
"2026-09-30 12:00:00","2026-09-30 15:00:00","CAPE","surface",77.5,29.5,20
"2026-09-30 12:00:00","2026-09-30 15:00:00","CAPE","surface",77.75,29.5,241
"2026-09-30 12:00:00","2026-09-30 15:00:00","CAPE","surface",78,29.5,267
"2026-09-30 12:00:00","2026-09-30 15:00:00","CAPE","surface",78.25,29.5,231
"2026-09-30 12:00:00","2026-09-30 15:00:00","CIN","surface",76.5,28,-0.0400391
"2026-09-30 12:00:00","2026-09-30 15:00:00","CIN","surface",76.75,28,-0.0400391
"2026-09-30 12:00:00","2026-09-30 15:00:00","CIN","surface",77,28,-0.0400391
"2026-09-30 12:00:00","2026-09-30 15:00:00","CIN","surface",77.25,28,-0.0400391
"2026-09-30 12:00:00","2026-09-30 15:00:00","CIN","surface",77.5,28,-0.0400391
"2026-09-30 12:00:00","2026-09-30 15:00:00","CIN","surface",77.75,28,-0.0400391
"2026-09-30 12:00:00","2026-09-30 15:00:00","CIN","surface",78,28,-0.0400391
"2026-09-30 12:00:00","2026-09-30 15:00:00","CIN","surface",78.25,28,-0.0400391
"2026-09-30 12:00:00","2026-09-30 15:00:00","CIN","surface",76.5,28.25,-0.0400391
"2026-09-30 12:00:00","2026-09-30 15:00:00","CIN","surface",76.75,28.25,-0.0400391
"2026-09-30 12:00:00","2026-09-30 15:00:00","CIN","surface",77,28.25,-0.0400391
"2026-09-30 12:00:00","2026-09-30 15:00:00","CIN","surface",77.25,28.25,-0.0400391
"2026-09-30 12:00:00","2026-09-30 15:00:00","CIN","surface",77.5,28.25,-0.0400391
"2026-09-30 12:00:00","2026-09-30 15:00:00","CIN","surface",77.75,28.25,-0.0400391
"2026-09-30 12:00:00","2026-09-30 15:00:00","CIN","surface",78,28.25,-0.0400391
"2026-09-30 12:00:00","2026-09-30 15:00:00","CIN","surface",78.25,28.25,-0.0400391
"2026-09-30 12:00:00","2026-09-30 15:00:00","CIN","surface",76.5,28.5,-0.0400391
"2026-09-30 12:00:00","2026-09-30 15:00:00","CIN","surface",76.75,28.5,-0.0400391
"2026-09-30 12:00:00","2026-09-30 15:00:00","CIN","surface",77,28.5,-0.0400391
"2026-09-30 12:00:00","2026-09-30 15:00:00","CIN","surface",77.25,28.5,-0.0400391
"2026-09-30 12:00:00","2026-09-30 15:00:00","CIN","surface",77.5,28.5,-0.0400391
"2026-09-30 12:00:00","2026-09-30 15:00:00","CIN","surface",77.75,28.5,-0.0400391
"2026-09-30 12:00:00","2026-09-30 15:00:00","CIN","surface",78,28.5,-0.0400391
"2026-09-30 12:00:00","2026-09-30 15:00:00","CIN","surface",78.25,28.5,-0.0400391
"2026-09-30 12:00:00","2026-09-30 15:00:00","CIN","surface",76.5,28.75,-0.0400391
"2026-09-30 12:00:00","2026-09-30 15:00:00","CIN","surface",76.75,28.75,-78.04
"2026-09-30 12:00:00","2026-09-30 15:00:00","CIN","surface",77,28.75,-0.0400391
"2026-09-30 12:00:00","2026-09-30 15:00:00","CIN","surface",77.25,28.75,-0.0400391
"2026-09-30 12:00:00","2026-09-30 15:00:00","CIN","surface",77.5,28.75,-0.0400391
"2026-09-30 12:00:00","2026-09-30 15:00:00","CIN","surface",77.75,28.75,-0.0400391
"2026-09-30 12:00:00","2026-09-30 15:00:00","CIN","surface",78,28.75,-0.0400391
"2026-09-30 12:00:00","2026-09-30 15:00:00","CIN","surface",78.25,28.75,-0.0400391
"2026-09-30 12:00:00","2026-09-30 15:00:00","CIN","surface",76.5,29,-4.04004
"2026-09-30 12:00:00","2026-09-30 15:00:00","CIN","surface",76.75,29,-101.04
"2026-09-30 12:00:00","2026-09-30 15:00:00","CIN","surface",77,29,-0.0400391
"2026-09-30 12:00:00","2026-09-30 15:00:00","CIN","surface",77.25,29,-0.0400391
"2026-09-30 12:00:00","2026-09-30 15:00:00","CIN","surface",77.5,29,-0.0400391
"2026-09-30 12:00:00","2026-09-30 15:00:00","CIN","surface",77.75,29,-0.0400391
"2026-09-30 12:00:00","2026-09-30 15:00:00","CIN","surface",78,29,-0.0400391
"2026-09-30 12:00:00","2026-09-30 15:00:00","CIN","surface",78.25,29,-7.04004
"2026-09-30 12:00:00","2026-09-30 15:00:00","CIN","surface",76.5,29.25,-0.0400391
"2026-09-30 12:00:00","2026-09-30 15:00:00","CIN","surface",76.75,29.25,-0.0400391
"2026-09-30 12:00:00","2026-09-30 15:00:00","CIN","surface",77,29.25,-0.0400391
"2026-09-30 12:00:00","2026-09-30 15:00:00","CIN","surface",77.25,29.25,-0.0400391
"2026-09-30 12:00:00","2026-09-30 15:00:00","CIN","surface",77.5,29.25,-0.0400391
"2026-09-30 12:00:00","2026-09-30 15:00:00","CIN","surface",77.75,29.25,-11.04
"2026-09-30 12:00:00","2026-09-30 15:00:00","CIN","surface",78,29.25,-137.04
"2026-09-30 12:00:00","2026-09-30 15:00:00","CIN","surface",78.25,29.25,-132.04
"2026-09-30 12:00:00","2026-09-30 15:00:00","CIN","surface",76.5,29.5,-0.0400391
"2026-09-30 12:00:00","2026-09-30 15:00:00","CIN","surface",76.75,29.5,-0.0400391
"2026-09-30 12:00:00","2026-09-30 15:00:00","CIN","surface",77,29.5,-0.0400391
"2026-09-30 12:00:00","2026-09-30 15:00:00","CIN","surface",77.25,29.5,-0.0400391
"2026-09-30 12:00:00","2026-09-30 15:00:00","CIN","surface",77.5,29.5,-12.04
"2026-09-30 12:00:00","2026-09-30 15:00:00","CIN","surface",77.75,29.5,-114.04
"2026-09-30 12:00:00","2026-09-30 15:00:00","CIN","surface",78,29.5,-125.04
"2026-09-30 12:00:00","2026-09-30 15:00:00","CIN","surface",78.25,29.5,-152.04
"2026-09-30 12:00:00","2026-09-30 15:00:00","PWAT","entire atmosphere (considered as a single layer)",76.5,28,26.3607
"2026-09-30 12:00:00","2026-09-30 15:00:00","PWAT","entire atmosphere (considered as a single layer)",76.75,28,26.0759
"2026-09-30 12:00:00","2026-09-30 15:00:00","PWAT","entire atmosphere (considered as a single layer)",77,28,25.6887
"2026-09-30 12:00:00","2026-09-30 15:00:00","PWAT","entire atmosphere (considered as a single layer)",77.25,28,25.9463
"2026-09-30 12:00:00","2026-09-30 15:00:00","PWAT","entire atmosphere (considered as a single layer)",77.5,28,25.9191
"2026-09-30 12:00:00","2026-09-30 15:00:00","PWAT","entire atmosphere (considered as a single layer)",77.75,28,25.1479
"2026-09-30 12:00:00","2026-09-30 15:00:00","PWAT","entire atmosphere (considered as a single layer)",78,28,24.5095
"2026-09-30 12:00:00","2026-09-30 15:00:00","PWAT","entire atmosphere (considered as a single layer)",78.25,28,24.2087
"2026-09-30 12:00:00","2026-09-30 15:00:00","PWAT","entire atmosphere (considered as a single layer)",76.5,28.25,25.9895
"2026-09-30 12:00:00","2026-09-30 15:00:00","PWAT","entire atmosphere (considered as a single layer)",76.75,28.25,25.6951
"2026-09-30 12:00:00","2026-09-30 15:00:00","PWAT","entire atmosphere (considered as a single layer)",77,28.25,25.1127
"2026-09-30 12:00:00","2026-09-30 15:00:00","PWAT","entire atmosphere (considered as a single layer)",77.25,28.25,25.1255
"2026-09-30 12:00:00","2026-09-30 15:00:00","PWAT","entire atmosphere (considered as a single layer)",77.5,28.25,24.8519
"2026-09-30 12:00:00","2026-09-30 15:00:00","PWAT","entire atmosphere (considered as a single layer)",77.75,28.25,24.2999
"2026-09-30 12:00:00","2026-09-30 15:00:00","PWAT","entire atmosphere (considered as a single layer)",78,28.25,24.0743
"2026-09-30 12:00:00","2026-09-30 15:00:00","PWAT","entire atmosphere (considered as a single layer)",78.25,28.25,23.7111
"2026-09-30 12:00:00","2026-09-30 15:00:00","PWAT","entire atmosphere (considered as a single layer)",76.5,28.5,24.8919
"2026-09-30 12:00:00","2026-09-30 15:00:00","PWAT","entire atmosphere (considered as a single layer)",76.75,28.5,24.7815
"2026-09-30 12:00:00","2026-09-30 15:00:00","PWAT","entire atmosphere (considered as a single layer)",77,28.5,24.4119
"2026-09-30 12:00:00","2026-09-30 15:00:00","PWAT","entire atmosphere (considered as a single layer)",77.25,28.5,24.7063
"2026-09-30 12:00:00","2026-09-30 15:00:00","PWAT","entire atmosphere (considered as a single layer)",77.5,28.5,24.9479
"2026-09-30 12:00:00","2026-09-30 15:00:00","PWAT","entire atmosphere (considered as a single layer)",77.75,28.5,24.3111
"2026-09-30 12:00:00","2026-09-30 15:00:00","PWAT","entire atmosphere (considered as a single layer)",78,28.5,23.4247
"2026-09-30 12:00:00","2026-09-30 15:00:00","PWAT","entire atmosphere (considered as a single layer)",78.25,28.5,22.7847
"2026-09-30 12:00:00","2026-09-30 15:00:00","PWAT","entire atmosphere (considered as a single layer)",76.5,28.75,25.9207
"2026-09-30 12:00:00","2026-09-30 15:00:00","PWAT","entire atmosphere (considered as a single layer)",76.75,28.75,26.2455
"2026-09-30 12:00:00","2026-09-30 15:00:00","PWAT","entire atmosphere (considered as a single layer)",77,28.75,26.0679
"2026-09-30 12:00:00","2026-09-30 15:00:00","PWAT","entire atmosphere (considered as a single layer)",77.25,28.75,25.8455
"2026-09-30 12:00:00","2026-09-30 15:00:00","PWAT","entire atmosphere (considered as a single layer)",77.5,28.75,24.8615
"2026-09-30 12:00:00","2026-09-30 15:00:00","PWAT","entire atmosphere (considered as a single layer)",77.75,28.75,23.5911
"2026-09-30 12:00:00","2026-09-30 15:00:00","PWAT","entire atmosphere (considered as a single layer)",78,28.75,22.9815
"2026-09-30 12:00:00","2026-09-30 15:00:00","PWAT","entire atmosphere (considered as a single layer)",78.25,28.75,23.2151
"2026-09-30 12:00:00","2026-09-30 15:00:00","PWAT","entire atmosphere (considered as a single layer)",76.5,29,26.6343
"2026-09-30 12:00:00","2026-09-30 15:00:00","PWAT","entire atmosphere (considered as a single layer)",76.75,29,26.3495
"2026-09-30 12:00:00","2026-09-30 15:00:00","PWAT","entire atmosphere (considered as a single layer)",77,29,25.7063
"2026-09-30 12:00:00","2026-09-30 15:00:00","PWAT","entire atmosphere (considered as a single layer)",77.25,29,25.0135
"2026-09-30 12:00:00","2026-09-30 15:00:00","PWAT","entire atmosphere (considered as a single layer)",77.5,29,24.0999
"2026-09-30 12:00:00","2026-09-30 15:00:00","PWAT","entire atmosphere (considered as a single layer)",77.75,29,23.6471
"2026-09-30 12:00:00","2026-09-30 15:00:00","PWAT","entire atmosphere (considered as a single layer)",78,29,23.5815
"2026-09-30 12:00:00","2026-09-30 15:00:00","PWAT","entire atmosphere (considered as a single layer)",78.25,29,24.3495
"2026-09-30 12:00:00","2026-09-30 15:00:00","PWAT","entire atmosphere (considered as a single layer)",76.5,29.25,26.2631
"2026-09-30 12:00:00","2026-09-30 15:00:00","PWAT","entire atmosphere (considered as a single layer)",76.75,29.25,25.5927
"2026-09-30 12:00:00","2026-09-30 15:00:00","PWAT","entire atmosphere (considered as a single layer)",77,29.25,25.0247
"2026-09-30 12:00:00","2026-09-30 15:00:00","PWAT","entire atmosphere (considered as a single layer)",77.25,29.25,24.5079
"2026-09-30 12:00:00","2026-09-30 15:00:00","PWAT","entire atmosphere (considered as a single layer)",77.5,29.25,24.3687
"2026-09-30 12:00:00","2026-09-30 15:00:00","PWAT","entire atmosphere (considered as a single layer)",77.75,29.25,24.0071
"2026-09-30 12:00:00","2026-09-30 15:00:00","PWAT","entire atmosphere (considered as a single layer)",78,29.25,24.9223
"2026-09-30 12:00:00","2026-09-30 15:00:00","PWAT","entire atmosphere (considered as a single layer)",78.25,29.25,26.0279
"2026-09-30 12:00:00","2026-09-30 15:00:00","PWAT","entire atmosphere (considered as a single layer)",76.5,29.5,25.5975
"2026-09-30 12:00:00","2026-09-30 15:00:00","PWAT","entire atmosphere (considered as a single layer)",76.75,29.5,24.9831
"2026-09-30 12:00:00","2026-09-30 15:00:00","PWAT","entire atmosphere (considered as a single layer)",77,29.5,24.7703
"2026-09-30 12:00:00","2026-09-30 15:00:00","PWAT","entire atmosphere (considered as a single layer)",77.25,29.5,24.8391
"2026-09-30 12:00:00","2026-09-30 15:00:00","PWAT","entire atmosphere (considered as a single layer)",77.5,29.5,24.6135
"2026-09-30 12:00:00","2026-09-30 15:00:00","PWAT","entire atmosphere (considered as a single layer)",77.75,29.5,25.5735
"2026-09-30 12:00:00","2026-09-30 15:00:00","PWAT","entire atmosphere (considered as a single layer)",78,29.5,26.6439
"2026-09-30 12:00:00","2026-09-30 15:00:00","PWAT","entire atmosphere (considered as a single layer)",78.25,29.5,26.6727
